session_id,t1_structured_execution,t2_quality_perfectionism,t3_exploration_innovation,t4_analytical_insight,t5_influence_advocacy,t6_collaboration_harmony,t7_customer_orientation,t8_learning_growth,t9_discipline_trust,t10_pressure_regulation,t11_conflict_integration,t12_responsibility_accountability,theta_estimates,standard_errors,percentiles,norm_group,overall_confidence,dimension_reliability,response_consistency,dominant_talents,supporting_talents,lesser_talents,scoring_algorithm,algorithm_version,computation_time_ms,calibration_version,id,created_at,updated_at,t1_analytical_insight,t2_influence_advocacy,t3_collaboration_harmony,t4_pressure_regulation,t5_conflict_integration,t6_responsibility_accountability,t10_structured_execution,t11_quality_perfectionism,t12_exploration_innovation,t4_structured_execution,t5_quality_perfectionism,t6_exploration_innovation,t7_pressure_regulation,t8_conflict_integration,t9_responsibility_accountability,t10_customer_orientation,t11_learning_growth,t12_discipline_trust,t1_pressure_regulation,t2_conflict_integration,t3_responsibility_accountability,t10_analytical_insight,t11_influence_advocacy,t12_collaboration_harmony,t7_structured_execution,t8_quality_perfectionism,t9_exploration_innovation,t4_customer_orientation,t5_learning_growth,t6_discipline_trust,t1_responsibility_accountability,t6_structured_execution,t7_quality_perfectionism,t8_pressure_regulation,t9_customer_orientation,t10_discipline_trust,t11_exploration_innovation,t12_learning_growth,t1_discipline_trust,t2_structured_execution,t3_conflict_integration,t4_influence_advocacy,t5_exploration_innovation,t6_analytical_insight,t7_learning_growth,t10_quality_perfectionism,t11_customer_orientation,t9_collaboration_harmony,t10_exploration_innovation,t11_analytical_insight,t12_influence_advocacy,t1_exploration_innovation,t2_analytical_insight,t3_learning_growth,t4_discipline_trust,t5_pressure_regulation,t9_influence_advocacy,t10_conflict_integration,t1_customer_orientation,t4_exploration_innovation,t5_collaboration_harmony,t7_discipline_trust,t8_structured_execution,t9_analytical_insight,t2_collaboration_harmony,t3_quality_perfectionism,t6_conflict_integration,t8_customer_orientation,t11_structured_execution,t5_structured_execution,t10_influence_advocacy
v4_1b415d73d0ec,20.0,20.0,20.0,20.0,20.0,20.0,20.0,20.0,20.0,20.0,20.0,20.0,"{""T1"": -1.5, ""T2"": -1.5, ""T3"": -1.5, ""T4"": -1.5, ""T5"": -1.5, ""T6"": -1.5, ""T7"": -1.5, ""T8"": -1.5, ""T9"": -1.5, ""T10"": -1.5, ""T11"": -1.5, ""T12"": -1.5}","{""t1"": 0.3479, ""t2"": 0.3379, ""t3"": 0.3348, ""t4"": 0.4731, ""t5"": 0.3912, ""t6"": 0.4762, ""t7"": 0.3241, ""t8"": 0.4915, ""t9"": 0.3243, ""t10"": 0.4778, ""t11"": 0.418, ""t12"": 0.4227}","{""structured_execution"": 20.0, ""quality_perfectionism"": 20.0, ""exploration_innovation"": 20.0, ""analytical_insight"": 20.0, ""influence_advocacy"": 20.0, ""collaboration_harmony"": 20.0, ""customer_orientation"": 20.0, ""learning_growth"": 20.0, ""discipline_trust"": 20.0, ""pressure_regulation"": 20.0, ""conflict_integration"": 20.0, ""responsibility_accountability"": 20.0}",taiwan_2025,0.8637806247231341,"{""t1"": 0.87, ""t2"": 0.87, ""t3"": 0.87, ""t4"": 0.87, ""t5"": 0.87, ""t6"": 0.87, ""t7"": 0.87, ""t8"": 0.87, ""t9"": 0.87, ""t10"": 0.87, ""t11"": 0.87, ""t12"": 0.87}",0.0,"[""structured_execution"", ""quality_perfectionism"", ""exploration_innovation"", ""analytical_insight""]","[""influence_advocacy"", ""collaboration_harmony"", ""customer_orientation"", ""learning_growth""]","[""discipline_trust"", ""pressure_regulation"", ""conflict_integration"", ""responsibility_accountability""]",thurstonian_irt_v4,4.0.0-alpha,0.1,v4_pilot_2025,1,2025-10-02T15:10:00.305538,2025-10-02T15:10:00.305557,,,,,,,,,,,,,,,,,,,,,,,,,,,,,,,,,,,,,,,,,,,,,,,,,,,,,,,,,,,,,,,,,,,,,,,
v4_153177ccdcbc,20.0,20.0,20.0,20.0,20.0,20.0,20.0,20.0,20.0,20.0,20.0,20.0,"{""T1"": -1.5, ""T2"": -1.5, ""T3"": -1.5, ""T4"": -1.5, ""T5"": -1.5, ""T6"": -1.5, ""T7"": -1.5, ""T8"": -1.5, ""T9"": -1.5, ""T10"": -1.5, ""T11"": -1.5, ""T12"": -1.5}","{""t1"": 0.3473, ""t2"": 0.3013, ""t3"": 0.4083, ""t4"": 0.3626, ""t5"": 0.4727, ""t6"": 0.3877, ""t7"": 0.4252, ""t8"": 0.4551, ""t9"": 0.4722, ""t10"": 0.3986, ""t11"": 0.4222, ""t12"": 0.3166}","{""structured_execution"": 20.0, ""quality_perfectionism"": 20.0, ""exploration_innovation"": 20.0, ""analytical_insight"": 20.0, ""influence_advocacy"": 20.0, ""collaboration_harmony"": 20.0, ""customer_orientation"": 20.0, ""learning_growth"": 20.0, ""discipline_trust"": 20.0, ""pressure_regulation"": 20.0, ""conflict_integration"": 20.0, ""responsibility_accountability"": 20.0}",taiwan_2025,0.9107033090862585,"{""t1"": 0.87, ""t2"": 0.87, ""t3"": 0.87, ""t4"": 0.87, ""t5"": 0.87, ""t6"": 0.87, ""t7"": 0.87, ""t8"": 0.87, ""t9"": 0.87, ""t10"": 0.87, ""t11"": 0.87, ""t12"": 0.87}",0.0,"[""structured_execution"", ""quality_perfectionism"", ""exploration_innovation"", ""analytical_insight""]","[""influence_advocacy"", ""collaboration_harmony"", ""customer_orientation"", ""learning_growth""]","[""discipline_trust"", ""pressure_regulation"", ""conflict_integration"", ""responsibility_accountability""]",thurstonian_irt_v4,4.0.0-alpha,0.0,v4_pilot_2025,2,2025-10-02T15:14:25.739457,2025-10-02T15:14:25.739462,,,,,,,,,,,,,,,,,,,,,,,,,,,,,,,,,,,,,,,,,,,,,,,,,,,,,,,,,,,,,,,,,,,,,,,
v4_52b474c6eb0b,20.0,20.0,20.0,20.0,20.0,20.0,20.0,20.0,20.0,20.0,20.0,20.0,"{""T1"": -1.5, ""T2"": -1.5, ""T3"": -1.5, ""T4"": -1.5, ""T5"": -1.5, ""T6"": -1.5, ""T7"": -1.5, ""T8"": -1.5, ""T9"": -1.5, ""T10"": -1.5, ""T11"": -1.5, ""T12"": -1.5}","{""t1"": 0.3147, ""t2"": 0.3665, ""t3"": 0.3388, ""t4"": 0.3175, ""t5"": 0.3976, ""t6"": 0.4513, ""t7"": 0.3056, ""t8"": 0.3251, ""t9"": 0.4861, ""t10"": 0.4095, ""t11"": 0.4287, ""t12"": 0.4662}","{""structured_execution"": 20.0, ""quality_perfectionism"": 20.0, ""exploration_innovation"": 20.0, ""analytical_insight"": 20.0, ""influence_advocacy"": 20.0, ""collaboration_harmony"": 20.0, ""customer_orientation"": 20.0, ""learning_growth"": 20.0, ""discipline_trust"": 20.0, ""pressure_regulation"": 20.0, ""conflict_integration"": 20.0, ""responsibility_accountability"": 20.0}",taiwan_2025,0.8630781525006632,"{""t1"": 0.87, ""t2"": 0.87, ""t3"": 0.87, ""t4"": 0.87, ""t5"": 0.87, ""t6"": 0.87, ""t7"": 0.87, ""t8"": 0.87, ""t9"": 0.87, ""t10"": 0.87, ""t11"": 0.87, ""t12"": 0.87}",0.0,"[""structured_execution"", ""quality_perfectionism"", ""exploration_innovation"", ""analytical_insight""]","[""influence_advocacy"", ""collaboration_harmony"", ""customer_orientation"", ""learning_growth""]","[""discipline_trust"", ""pressure_regulation"", ""conflict_integration"", ""responsibility_accountability""]",thurstonian_irt_v4,4.0.0-alpha,0.0,v4_pilot_2025,3,2025-10-02T15:32:46.726751,2025-10-02T15:32:46.726756,,,,,,,,,,,,,,,,,,,,,,,,,,,,,,,,,,,,,,,,,,,,,,,,,,,,,,,,,,,,,,,,,,,,,,,
v4_7231fbc82477,20.0,20.0,20.0,20.0,20.0,20.0,20.0,20.0,20.0,20.0,20.0,20.0,"{""T1"": -1.5, ""T2"": -1.5, ""T3"": -1.5, ""T4"": -1.5, ""T5"": -1.5, ""T6"": -1.5, ""T7"": -1.5, ""T8"": -1.5, ""T9"": -1.5, ""T10"": -1.5, ""T11"": -1.5, ""T12"": -1.5}","{""t1"": 0.3439, ""t2"": 0.4024, ""t3"": 0.3595, ""t4"": 0.4141, ""t5"": 0.4117, ""t6"": 0.4358, ""t7"": 0.4825, ""t8"": 0.4732, ""t9"": 0.3451, ""t10"": 0.4922, ""t11"": 0.3693, ""t12"": 0.4822}","{""structured_execution"": 20.0, ""quality_perfectionism"": 20.0, ""exploration_innovation"": 20.0, ""analytical_insight"": 20.0, ""influence_advocacy"": 20.0, ""collaboration_harmony"": 20.0, ""customer_orientation"": 20.0, ""learning_growth"": 20.0, ""discipline_trust"": 20.0, ""pressure_regulation"": 20.0, ""conflict_integration"": 20.0, ""responsibility_accountability"": 20.0}",taiwan_2025,0.9067471788057273,"{""t1"": 0.87, ""t2"": 0.87, ""t3"": 0.87, ""t4"": 0.87, ""t5"": 0.87, ""t6"": 0.87, ""t7"": 0.87, ""t8"": 0.87, ""t9"": 0.87, ""t10"": 0.87, ""t11"": 0.87, ""t12"": 0.87}",0.0,"[""structured_execution"", ""quality_perfectionism"", ""exploration_innovation"", ""analytical_insight""]","[""influence_advocacy"", ""collaboration_harmony"", ""customer_orientation"", ""learning_growth""]","[""discipline_trust"", ""pressure_regulation"", ""conflict_integration"", ""responsibility_accountability""]",thurstonian_irt_v4,4.0.0-alpha,0.0,v4_pilot_2025,4,2025-10-02T15:33:46.759615,2025-10-02T15:33:46.759623,,,,,,,,,,,,,,,,,,,,,,,,,,,,,,,,,,,,,,,,,,,,,,,,,,,,,,,,,,,,,,,,,,,,,,,
v4_e4ad83f7f3fa,20.0,20.0,20.0,20.0,20.0,20.0,20.0,20.0,20.0,20.0,20.0,20.0,"{""T1"": -1.5, ""T2"": -1.5, ""T3"": -1.5, ""T4"": -1.5, ""T5"": -1.5, ""T6"": -1.5, ""T7"": -1.5, ""T8"": -1.5, ""T9"": -1.5, ""T10"": -1.5, ""T11"": -1.5, ""T12"": -1.5}","{""t1"": 0.3703, ""t2"": 0.3301, ""t3"": 0.4991, ""t4"": 0.325, ""t5"": 0.3629, ""t6"": 0.4832, ""t7"": 0.35, ""t8"": 0.4346, ""t9"": 0.423, ""t10"": 0.4617, ""t11"": 0.3059, ""t12"": 0.4766}","{""structured_execution"": 20.0, ""quality_perfectionism"": 20.0, ""exploration_innovation"": 20.0, ""analytical_insight"": 20.0, ""influence_advocacy"": 20.0, ""collaboration_harmony"": 20.0, ""customer_orientation"": 20.0, ""learning_growth"": 20.0, ""discipline_trust"": 20.0, ""pressure_regulation"": 20.0, ""conflict_integration"": 20.0, ""responsibility_accountability"": 20.0}",taiwan_2025,0.875564982451621,"{""t1"": 0.87, ""t2"": 0.87, ""t3"": 0.87, ""t4"": 0.87, ""t5"": 0.87, ""t6"": 0.87, ""t7"": 0.87, ""t8"": 0.87, ""t9"": 0.87, ""t10"": 0.87, ""t11"": 0.87, ""t12"": 0.87}",0.0,"[""structured_execution"", ""quality_perfectionism"", ""exploration_innovation"", ""analytical_insight""]","[""influence_advocacy"", ""collaboration_harmony"", ""customer_orientation"", ""learning_growth""]","[""discipline_trust"", ""pressure_regulation"", ""conflict_integration"", ""responsibility_accountability""]",thurstonian_irt_v4,4.0.0-alpha,0.0,v4_pilot_2025,5,2025-10-02T15:35:43.114297,2025-10-02T15:35:43.114302,,,,,,,,,,,,,,,,,,,,,,,,,,,,,,,,,,,,,,,,,,,,,,,,,,,,,,,,,,,,,,,,,,,,,,,
v4_80486afcdda5,20.0,20.0,20.0,20.0,20.0,20.0,20.0,20.0,20.0,20.0,20.0,20.0,"{""T1"": -1.5, ""T2"": -1.5, ""T3"": -1.5, ""T4"": -1.5, ""T5"": -1.5, ""T6"": -1.5, ""T7"": -1.5, ""T8"": -1.5, ""T9"": -1.5, ""T10"": -1.5, ""T11"": -1.5, ""T12"": -1.5}","{""t1"": 0.3008, ""t2"": 0.33, ""t3"": 0.3749, ""t4"": 0.4462, ""t5"": 0.409, ""t6"": 0.3434, ""t7"": 0.4318, ""t8"": 0.4741, ""t9"": 0.3877, ""t10"": 0.3151, ""t11"": 0.4974, ""t12"": 0.4696}","{""structured_execution"": 20.0, ""quality_perfectionism"": 20.0, ""exploration_innovation"": 20.0, ""analytical_insight"": 20.0, ""influence_advocacy"": 20.0, ""collaboration_harmony"": 20.0, ""customer_orientation"": 20.0, ""learning_growth"": 20.0, ""discipline_trust"": 20.0, ""pressure_regulation"": 20.0, ""conflict_integration"": 20.0, ""responsibility_accountability"": 20.0}",taiwan_2025,0.8785007386977141,"{""t1"": 0.87, ""t2"": 0.87, ""t3"": 0.87, ""t4"": 0.87, ""t5"": 0.87, ""t6"": 0.87, ""t7"": 0.87, ""t8"": 0.87, ""t9"": 0.87, ""t10"": 0.87, ""t11"": 0.87, ""t12"": 0.87}",0.0,"[""structured_execution"", ""quality_perfectionism"", ""exploration_innovation"", ""analytical_insight""]","[""influence_advocacy"", ""collaboration_harmony"", ""customer_orientation"", ""learning_growth""]","[""discipline_trust"", ""pressure_regulation"", ""conflict_integration"", ""responsibility_accountability""]",thurstonian_irt_v4,4.0.0-alpha,0.1,v4_pilot_2025,6,2025-10-02T16:55:46.468500,2025-10-02T16:55:46.468520,,,,,,,,,,,,,,,,,,,,,,,,,,,,,,,,,,,,,,,,,,,,,,,,,,,,,,,,,,,,,,,,,,,,,,,
v4_51891bd0dfab,20.0,20.0,20.0,20.0,20.0,20.0,20.0,20.0,20.0,20.0,20.0,20.0,"{""T1"": -1.5, ""T2"": -1.5, ""T3"": -1.5, ""T4"": -1.5, ""T5"": -1.5, ""T6"": -1.5, ""T7"": -1.5, ""T8"": -1.5, ""T9"": -1.5, ""T10"": -1.5, ""T11"": -1.5, ""T12"": -1.5}","{""t1"": 0.4744, ""t2"": 0.3658, ""t3"": 0.4936, ""t4"": 0.4048, ""t5"": 0.4132, ""t6"": 0.3857, ""t7"": 0.4274, ""t8"": 0.4517, ""t9"": 0.3147, ""t10"": 0.3269, ""t11"": 0.3354, ""t12"": 0.3298}","{""structured_execution"": 20.0, ""quality_perfectionism"": 20.0, ""exploration_innovation"": 20.0, ""analytical_insight"": 20.0, ""influence_advocacy"": 20.0, ""collaboration_harmony"": 20.0, ""customer_orientation"": 20.0, ""learning_growth"": 20.0, ""discipline_trust"": 20.0, ""pressure_regulation"": 20.0, ""conflict_integration"": 20.0, ""responsibility_accountability"": 20.0}",taiwan_2025,0.8840905294001574,"{""t1"": 0.87, ""t2"": 0.87, ""t3"": 0.87, ""t4"": 0.87, ""t5"": 0.87, ""t6"": 0.87, ""t7"": 0.87, ""t8"": 0.87, ""t9"": 0.87, ""t10"": 0.87, ""t11"": 0.87, ""t12"": 0.87}",0.0,"[""structured_execution"", ""quality_perfectionism"", ""exploration_innovation"", ""analytical_insight""]","[""influence_advocacy"", ""collaboration_harmony"", ""customer_orientation"", ""learning_growth""]","[""discipline_trust"", ""pressure_regulation"", ""conflict_integration"", ""responsibility_accountability""]",thurstonian_irt_v4,4.0.0-alpha,0.0,v4_pilot_2025,7,2025-10-02T17:02:28.160523,2025-10-02T17:02:28.160530,,,,,,,,,,,,,,,,,,,,,,,,,,,,,,,,,,,,,,,,,,,,,,,,,,,,,,,,,,,,,,,,,,,,,,,
v4_70f509c87167,20.0,20.0,20.0,20.0,20.0,20.0,20.0,20.0,20.0,20.0,20.0,20.0,"{""T1"": -1.5, ""T2"": -1.5, ""T3"": -1.5, ""T4"": -1.5, ""T5"": -1.5, ""T6"": -1.5, ""T7"": -1.5, ""T8"": -1.5, ""T9"": -1.5, ""T10"": -1.5, ""T11"": -1.5, ""T12"": -1.5}","{""t1"": 0.4033, ""t2"": 0.4298, ""t3"": 0.3901, ""t4"": 0.4136, ""t5"": 0.4941, ""t6"": 0.3075, ""t7"": 0.4305, ""t8"": 0.4232, ""t9"": 0.4826, ""t10"": 0.365, ""t11"": 0.3381, ""t12"": 0.3576}","{""structured_execution"": 20.0, ""quality_perfectionism"": 20.0, ""exploration_innovation"": 20.0, ""analytical_insight"": 20.0, ""influence_advocacy"": 20.0, ""collaboration_harmony"": 20.0, ""customer_orientation"": 20.0, ""learning_growth"": 20.0, ""discipline_trust"": 20.0, ""pressure_regulation"": 20.0, ""conflict_integration"": 20.0, ""responsibility_accountability"": 20.0}",taiwan_2025,0.8616841327447939,"{""t1"": 0.87, ""t2"": 0.87, ""t3"": 0.87, ""t4"": 0.87, ""t5"": 0.87, ""t6"": 0.87, ""t7"": 0.87, ""t8"": 0.87, ""t9"": 0.87, ""t10"": 0.87, ""t11"": 0.87, ""t12"": 0.87}",0.0,"[""structured_execution"", ""quality_perfectionism"", ""exploration_innovation"", ""analytical_insight""]","[""influence_advocacy"", ""collaboration_harmony"", ""customer_orientation"", ""learning_growth""]","[""discipline_trust"", ""pressure_regulation"", ""conflict_integration"", ""responsibility_accountability""]",thurstonian_irt_v4,4.0.0-alpha,0.1,v4_pilot_2025,8,2025-10-02T17:32:00.339723,2025-10-02T17:32:00.339734,,,,,,,,,,,,,,,,,,,,,,,,,,,,,,,,,,,,,,,,,,,,,,,,,,,,,,,,,,,,,,,,,,,,,,,
v4_04a0d269a2ac,20.0,20.0,20.0,20.0,20.0,20.0,20.0,20.0,20.0,20.0,20.0,20.0,"{""T1"": -1.5, ""T2"": -1.5, ""T3"": -1.5, ""T4"": -1.5, ""T5"": -1.5, ""T6"": -1.5, ""T7"": -1.5, ""T8"": -1.5, ""T9"": -1.5, ""T10"": -1.5, ""T11"": -1.5, ""T12"": -1.5}","{""t1"": 0.4163, ""t2"": 0.4976, ""t3"": 0.4143, ""t4"": 0.4518, ""t5"": 0.3463, ""t6"": 0.4496, ""t7"": 0.4127, ""t8"": 0.3664, ""t9"": 0.4091, ""t10"": 0.4543, ""t11"": 0.3303, ""t12"": 0.4356}","{""structured_execution"": 20.0, ""quality_perfectionism"": 20.0, ""exploration_innovation"": 20.0, ""analytical_insight"": 20.0, ""influence_advocacy"": 20.0, ""collaboration_harmony"": 20.0, ""customer_orientation"": 20.0, ""learning_growth"": 20.0, ""discipline_trust"": 20.0, ""pressure_regulation"": 20.0, ""conflict_integration"": 20.0, ""responsibility_accountability"": 20.0}",taiwan_2025,0.9237580396736756,"{""t1"": 0.87, ""t2"": 0.87, ""t3"": 0.87, ""t4"": 0.87, ""t5"": 0.87, ""t6"": 0.87, ""t7"": 0.87, ""t8"": 0.87, ""t9"": 0.87, ""t10"": 0.87, ""t11"": 0.87, ""t12"": 0.87}",0.0,"[""structured_execution"", ""quality_perfectionism"", ""exploration_innovation"", ""analytical_insight""]","[""influence_advocacy"", ""collaboration_harmony"", ""customer_orientation"", ""learning_growth""]","[""discipline_trust"", ""pressure_regulation"", ""conflict_integration"", ""responsibility_accountability""]",thurstonian_irt_v4,4.0.0-alpha,0.1,v4_pilot_2025,9,2025-10-02T17:37:51.186417,2025-10-02T17:37:51.186438,,,,,,,,,,,,,,,,,,,,,,,,,,,,,,,,,,,,,,,,,,,,,,,,,,,,,,,,,,,,,,,,,,,,,,,
v4_d37280bc695a,20.0,20.0,20.0,20.0,20.0,20.0,20.0,20.0,20.0,20.0,20.0,20.0,"{""T1"": -1.5, ""T2"": -1.5, ""T3"": -1.5, ""T4"": -1.5, ""T5"": -1.5, ""T6"": -1.5, ""T7"": -1.5, ""T8"": -1.5, ""T9"": -1.5, ""T10"": -1.5, ""T11"": -1.5, ""T12"": -1.5}","{""t1"": 0.3317, ""t2"": 0.3907, ""t3"": 0.4101, ""t4"": 0.4426, ""t5"": 0.4476, ""t6"": 0.3689, ""t7"": 0.3785, ""t8"": 0.4934, ""t9"": 0.303, ""t10"": 0.3118, ""t11"": 0.4715, ""t12"": 0.4294}","{""structured_execution"": 20.0, ""quality_perfectionism"": 20.0, ""exploration_innovation"": 20.0, ""analytical_insight"": 20.0, ""influence_advocacy"": 20.0, ""collaboration_harmony"": 20.0, ""customer_orientation"": 20.0, ""learning_growth"": 20.0, ""discipline_trust"": 20.0, ""pressure_regulation"": 20.0, ""conflict_integration"": 20.0, ""responsibility_accountability"": 20.0}",taiwan_2025,0.8651395974411968,"{""t1"": 0.87, ""t2"": 0.87, ""t3"": 0.87, ""t4"": 0.87, ""t5"": 0.87, ""t6"": 0.87, ""t7"": 0.87, ""t8"": 0.87, ""t9"": 0.87, ""t10"": 0.87, ""t11"": 0.87, ""t12"": 0.87}",0.0,"[""structured_execution"", ""quality_perfectionism"", ""exploration_innovation"", ""analytical_insight""]","[""influence_advocacy"", ""collaboration_harmony"", ""customer_orientation"", ""learning_growth""]","[""discipline_trust"", ""pressure_regulation"", ""conflict_integration"", ""responsibility_accountability""]",thurstonian_irt_v4,4.0.0-alpha,0.0,v4_pilot_2025,10,2025-10-02T18:07:12.307962,2025-10-02T18:07:12.307968,,,,,,,,,,,,,,,,,,,,,,,,,,,,,,,,,,,,,,,,,,,,,,,,,,,,,,,,,,,,,,,,,,,,,,,
v4_ebc60c0a9fde,20.0,20.0,20.0,20.0,20.0,20.0,20.0,20.0,20.0,20.0,20.0,20.0,"{""T1"": -1.5, ""T2"": -1.5, ""T3"": -1.5, ""T4"": -1.5, ""T5"": -1.5, ""T6"": -1.5, ""T7"": -1.5, ""T8"": -1.5, ""T9"": -1.5, ""T10"": -1.5, ""T11"": -1.5, ""T12"": -1.5}","{""t1"": 0.4377, ""t2"": 0.4158, ""t3"": 0.3739, ""t4"": 0.3806, ""t5"": 0.337, ""t6"": 0.3093, ""t7"": 0.4591, ""t8"": 0.4609, ""t9"": 0.3221, ""t10"": 0.4435, ""t11"": 0.4838, ""t12"": 0.4703}","{""structured_execution"": 20.0, ""quality_perfectionism"": 20.0, ""exploration_innovation"": 20.0, ""analytical_insight"": 20.0, ""influence_advocacy"": 20.0, ""collaboration_harmony"": 20.0, ""customer_orientation"": 20.0, ""learning_growth"": 20.0, ""discipline_trust"": 20.0, ""pressure_regulation"": 20.0, ""conflict_integration"": 20.0, ""responsibility_accountability"": 20.0}",taiwan_2025,0.9196983071188389,"{""t1"": 0.87, ""t2"": 0.87, ""t3"": 0.87, ""t4"": 0.87, ""t5"": 0.87, ""t6"": 0.87, ""t7"": 0.87, ""t8"": 0.87, ""t9"": 0.87, ""t10"": 0.87, ""t11"": 0.87, ""t12"": 0.87}",0.0,"[""structured_execution"", ""quality_perfectionism"", ""exploration_innovation"", ""analytical_insight""]","[""influence_advocacy"", ""collaboration_harmony"", ""customer_orientation"", ""learning_growth""]","[""discipline_trust"", ""pressure_regulation"", ""conflict_integration"", ""responsibility_accountability""]",thurstonian_irt_v4,4.0.0-alpha,0.0,v4_pilot_2025,11,2025-10-02T18:24:04.535782,2025-10-02T18:24:04.535787,,,,,,,,,,,,,,,,,,,,,,,,,,,,,,,,,,,,,,,,,,,,,,,,,,,,,,,,,,,,,,,,,,,,,,,
v4_9487851c7349,20.0,20.0,20.0,20.0,20.0,20.0,20.0,20.0,20.0,20.0,20.0,20.0,"{""T1"": -1.5, ""T2"": -1.5, ""T3"": -1.5, ""T4"": -1.5, ""T5"": -1.5, ""T6"": -1.5, ""T7"": -1.5, ""T8"": -1.5, ""T9"": -1.5, ""T10"": -1.5, ""T11"": -1.5, ""T12"": -1.5}","{""t1"": 0.4945, ""t2"": 0.4133, ""t3"": 0.4679, ""t4"": 0.4152, ""t5"": 0.3067, ""t6"": 0.4514, ""t7"": 0.477, ""t8"": 0.4665, ""t9"": 0.3001, ""t10"": 0.4061, ""t11"": 0.3921, ""t12"": 0.4176}","{""structured_execution"": 20.0, ""quality_perfectionism"": 20.0, ""exploration_innovation"": 20.0, ""analytical_insight"": 20.0, ""influence_advocacy"": 20.0, ""collaboration_harmony"": 20.0, ""customer_orientation"": 20.0, ""learning_growth"": 20.0, ""discipline_trust"": 20.0, ""pressure_regulation"": 20.0, ""conflict_integration"": 20.0, ""responsibility_accountability"": 20.0}",taiwan_2025,0.9456215323663166,"{""t1"": 0.87, ""t2"": 0.87, ""t3"": 0.87, ""t4"": 0.87, ""t5"": 0.87, ""t6"": 0.87, ""t7"": 0.87, ""t8"": 0.87, ""t9"": 0.87, ""t10"": 0.87, ""t11"": 0.87, ""t12"": 0.87}",0.0,"[""structured_execution"", ""quality_perfectionism"", ""exploration_innovation"", ""analytical_insight""]","[""influence_advocacy"", ""collaboration_harmony"", ""customer_orientation"", ""learning_growth""]","[""discipline_trust"", ""pressure_regulation"", ""conflict_integration"", ""responsibility_accountability""]",thurstonian_irt_v4,4.0.0-alpha,0.0,v4_pilot_2025,12,2025-10-02T18:33:02.189001,2025-10-02T18:33:02.189006,,,,,,,,,,,,,,,,,,,,,,,,,,,,,,,,,,,,,,,,,,,,,,,,,,,,,,,,,,,,,,,,,,,,,,,
v4_9d509154cf5c,,,,,,,64.2,59.1,42.6,,,,"{""T1"": 1.71, ""T2"": 0.74, ""T3"": 0.73, ""T4"": 0.61, ""T5"": 0.75, ""T6"": -0.22, ""T7"": -0.32, ""T8"": -0.15, ""T9"": -0.9, ""T10"": -0.53, ""T11"": -1.26, ""T12"": -1.94}","{""t1"": 0.4031, ""t2"": 0.3303, ""t3"": 0.343, ""t4"": 0.3788, ""t5"": 0.3026, ""t6"": 0.3873, ""t7"": 0.4529, ""t8"": 0.4621, ""t9"": 0.4798, ""t10"": 0.488, ""t11"": 0.4822, ""t12"": 0.4897}","{""analytical_insight"": 99, ""influence_advocacy"": 99, ""collaboration_harmony"": 99, ""pressure_regulation"": 82.2, ""conflict_integration"": 77.9, ""responsibility_accountability"": 72.5, ""customer_orientation"": 64.2, ""learning_growth"": 59.1, ""discipline_trust"": 42.6, ""structured_execution"": 31.2, ""quality_perfectionism"": 21.6, ""exploration_innovation"": 18.2}",taiwan_2025,0.9377442538860196,"{""t1"": 0.87, ""t2"": 0.87, ""t3"": 0.87, ""t4"": 0.87, ""t5"": 0.87, ""t6"": 0.87, ""t7"": 0.87, ""t8"": 0.87, ""t9"": 0.87, ""t10"": 0.87, ""t11"": 0.87, ""t12"": 0.87}",0.0,"[""analytical_insight"", ""influence_advocacy"", ""collaboration_harmony"", ""pressure_regulation""]","[""conflict_integration"", ""responsibility_accountability"", ""customer_orientation"", ""learning_growth""]","[""discipline_trust"", ""structured_execution"", ""quality_perfectionism"", ""exploration_innovation""]",thurstonian_irt_v4,4.0.0-alpha,0.1,v4_pilot_2025,13,2025-10-02T18:48:21.344391,2025-10-02T18:48:21.344396,99.0,99.0,99.0,82.2,77.9,72.5,31.2,21.6,18.2,,,,,,,,,,,,,,,,,,,,,,,,,,,,,,,,,,,,,,,,,,,,,,,,,,,,,,,,,,,,,,
v4_37711fd7730a,,,,,,,,,,,,,"{""T1"": 1.25, ""T2"": 1.67, ""T3"": 1.91, ""T4"": 0.36, ""T5"": -0.28, ""T6"": 0.12, ""T7"": -0.53, ""T8"": -0.94, ""T9"": -0.63, ""T10"": -1.72, ""T11"": -1.81, ""T12"": -1.95}","{""t1"": 0.3628, ""t2"": 0.4874, ""t3"": 0.4243, ""t4"": 0.4123, ""t5"": 0.3874, ""t6"": 0.4728, ""t7"": 0.4076, ""t8"": 0.3216, ""t9"": 0.4436, ""t10"": 0.375, ""t11"": 0.4623, ""t12"": 0.3806}","{""analytical_insight"": 95.7, ""influence_advocacy"": 91.1, ""collaboration_harmony"": 85.5, ""structured_execution"": 72.3, ""quality_perfectionism"": 63.9, ""exploration_innovation"": 66.2, ""pressure_regulation"": 46.2, ""conflict_integration"": 39.2, ""responsibility_accountability"": 42.0, ""customer_orientation"": 21.9, ""learning_growth"": 16.3, ""discipline_trust"": 7.3}",taiwan_2025,0.8848576519099711,"{""t1"": 0.87, ""t2"": 0.87, ""t3"": 0.87, ""t4"": 0.87, ""t5"": 0.87, ""t6"": 0.87, ""t7"": 0.87, ""t8"": 0.87, ""t9"": 0.87, ""t10"": 0.87, ""t11"": 0.87, ""t12"": 0.87}",0.0,"[""analytical_insight"", ""influence_advocacy"", ""collaboration_harmony"", ""structured_execution""]","[""exploration_innovation"", ""quality_perfectionism"", ""pressure_regulation"", ""responsibility_accountability""]","[""conflict_integration"", ""customer_orientation"", ""learning_growth"", ""discipline_trust""]",thurstonian_irt_v4,4.0.0-alpha,0.1,v4_pilot_2025,14,2025-10-02T18:51:18.988496,2025-10-02T18:51:18.988504,95.7,91.1,85.5,,,,,,,72.3,63.9,66.2,46.2,39.2,42.0,21.9,16.3,7.3,,,,,,,,,,,,,,,,,,,,,,,,,,,,,,,,,,,,,,,,,,,,,,,,,,,,,
v4_4157dd8d860b,,,,,,,53.5,59.8,44.7,,,,"{""T1"": 1.74, ""T2"": 0.72, ""T3"": 1.79, ""T4"": 1.55, ""T5"": 0.27, ""T6"": 0.83, ""T7"": -0.39, ""T8"": -0.17, ""T9"": -0.86, ""T10"": -0.95, ""T11"": -0.9, ""T12"": -1.11}","{""t1"": 0.4589, ""t2"": 0.3153, ""t3"": 0.3712, ""t4"": 0.4164, ""t5"": 0.3121, ""t6"": 0.4062, ""t7"": 0.4746, ""t8"": 0.3879, ""t9"": 0.3224, ""t10"": 0.4177, ""t11"": 0.3097, ""t12"": 0.3876}","{""pressure_regulation"": 99, ""conflict_integration"": 99, ""responsibility_accountability"": 99, ""structured_execution"": 82.6, ""quality_perfectionism"": 74.7, ""exploration_innovation"": 78.7, ""customer_orientation"": 53.5, ""learning_growth"": 59.8, ""discipline_trust"": 44.7, ""analytical_insight"": 30.2, ""influence_advocacy"": 38.3, ""collaboration_harmony"": 19.1}",taiwan_2025,0.9475496843844469,"{""t1"": 0.87, ""t2"": 0.87, ""t3"": 0.87, ""t4"": 0.87, ""t5"": 0.87, ""t6"": 0.87, ""t7"": 0.87, ""t8"": 0.87, ""t9"": 0.87, ""t10"": 0.87, ""t11"": 0.87, ""t12"": 0.87}",0.0,"[""pressure_regulation"", ""conflict_integration"", ""responsibility_accountability"", ""structured_execution""]","[""exploration_innovation"", ""quality_perfectionism"", ""learning_growth"", ""customer_orientation""]","[""discipline_trust"", ""influence_advocacy"", ""analytical_insight"", ""collaboration_harmony""]",thurstonian_irt_v4,4.0.0-alpha,0.3,v4_pilot_2025,15,2025-10-02T18:52:37.285311,2025-10-02T18:52:37.285351,,,,,,,,,,82.6,74.7,78.7,,,,,,,99.0,99.0,99.0,30.2,38.3,19.1,,,,,,,,,,,,,,,,,,,,,,,,,,,,,,,,,,,,,,,,,,,,,,,
v4_4ec45259b2cd,,,,,,,,,,,,,"{""T1"": 0.94, ""T2"": 1.66, ""T3"": 1.7, ""T4"": 1.75, ""T5"": 1.37, ""T6"": 0.45, ""T7"": -0.24, ""T8"": 0.07, ""T9"": -0.84, ""T10"": -0.95, ""T11"": -0.51, ""T12"": -1.26}","{""t1"": 0.3594, ""t2"": 0.4959, ""t3"": 0.3968, ""t4"": 0.4655, ""t5"": 0.3521, ""t6"": 0.3011, ""t7"": 0.4488, ""t8"": 0.482, ""t9"": 0.3421, ""t10"": 0.3353, ""t11"": 0.4511, ""t12"": 0.3432}","{""analytical_insight"": 99, ""influence_advocacy"": 99, ""collaboration_harmony"": 99, ""pressure_regulation"": 89.1, ""conflict_integration"": 79.9, ""responsibility_accountability"": 63.8, ""structured_execution"": 50.9, ""quality_perfectionism"": 51.9, ""exploration_innovation"": 40.9, ""customer_orientation"": 32.6, ""learning_growth"": 27.1, ""discipline_trust"": 24.9}",taiwan_2025,0.9302628198715085,"{""t1"": 0.87, ""t2"": 0.87, ""t3"": 0.87, ""t4"": 0.87, ""t5"": 0.87, ""t6"": 0.87, ""t7"": 0.87, ""t8"": 0.87, ""t9"": 0.87, ""t10"": 0.87, ""t11"": 0.87, ""t12"": 0.87}",0.0,"[""analytical_insight"", ""influence_advocacy"", ""collaboration_harmony"", ""pressure_regulation""]","[""conflict_integration"", ""responsibility_accountability"", ""quality_perfectionism"", ""structured_execution""]","[""exploration_innovation"", ""customer_orientation"", ""learning_growth"", ""discipline_trust""]",thurstonian_irt_v4,4.0.0-alpha,0.1,v4_pilot_2025,16,2025-10-02T19:27:51.331173,2025-10-02T19:27:51.331178,99.0,99.0,99.0,89.1,79.9,63.8,,,,,,,,,,32.6,27.1,24.9,,,,,,,50.9,51.9,40.9,,,,,,,,,,,,,,,,,,,,,,,,,,,,,,,,,,,,,,,,,,,,
v4_7d3eda97863a,,,,,,,66.0,45.4,51.1,,,,"{""T1"": 1.47, ""T2"": 0.7, ""T3"": 1.43, ""T4"": 1.51, ""T5"": -0.4, ""T6"": -0.16, ""T7"": 0.11, ""T8"": -0.68, ""T9"": -0.39, ""T10"": -0.52, ""T11"": -1.77, ""T12"": -0.7}","{""t1"": 0.4857, ""t2"": 0.3913, ""t3"": 0.3647, ""t4"": 0.311, ""t5"": 0.3861, ""t6"": 0.4304, ""t7"": 0.3467, ""t8"": 0.387, ""t9"": 0.4038, ""t10"": 0.4071, ""t11"": 0.3471, ""t12"": 0.3195}","{""analytical_insight"": 99, ""influence_advocacy"": 99, ""collaboration_harmony"": 99, ""pressure_regulation"": 78.6, ""conflict_integration"": 74.8, ""responsibility_accountability"": 65.1, ""customer_orientation"": 66.0, ""learning_growth"": 45.4, ""discipline_trust"": 51.1, ""structured_execution"": 28.3, ""quality_perfectionism"": 22.7, ""exploration_innovation"": 25.2}",taiwan_2025,0.8512669578471707,"{""t1"": 0.87, ""t2"": 0.87, ""t3"": 0.87, ""t4"": 0.87, ""t5"": 0.87, ""t6"": 0.87, ""t7"": 0.87, ""t8"": 0.87, ""t9"": 0.87, ""t10"": 0.87, ""t11"": 0.87, ""t12"": 0.87}",0.0,"[""analytical_insight"", ""influence_advocacy"", ""collaboration_harmony"", ""pressure_regulation""]","[""conflict_integration"", ""customer_orientation"", ""responsibility_accountability"", ""discipline_trust""]","[""learning_growth"", ""structured_execution"", ""exploration_innovation"", ""quality_perfectionism""]",thurstonian_irt_v4,4.0.0-alpha,0.3,v4_pilot_2025,17,2025-10-02T19:47:54.148976,2025-10-02T19:47:54.148996,99.0,99.0,99.0,78.6,74.8,65.1,28.3,22.7,25.2,,,,,,,,,,,,,,,,,,,,,,,,,,,,,,,,,,,,,,,,,,,,,,,,,,,,,,,,,,,,,,
v4_921bc01d06c7,,,,,,,46.3,40.9,38.5,,,,"{""T1"": 0.82, ""T2"": 0.99, ""T3"": 1.18, ""T4"": 1.75, ""T5"": 1.5, ""T6"": 1.27, ""T7"": -0.9, ""T8"": -0.85, ""T9"": -0.63, ""T10"": -1.55, ""T11"": -1.29, ""T12"": -1.39}","{""t1"": 0.3911, ""t2"": 0.4595, ""t3"": 0.3529, ""t4"": 0.3637, ""t5"": 0.4901, ""t6"": 0.4781, ""t7"": 0.3532, ""t8"": 0.4695, ""t9"": 0.3673, ""t10"": 0.4681, ""t11"": 0.4827, ""t12"": 0.396}","{""pressure_regulation"": 99, ""conflict_integration"": 99, ""responsibility_accountability"": 99, ""structured_execution"": 88.5, ""quality_perfectionism"": 85.4, ""exploration_innovation"": 81.2, ""customer_orientation"": 46.3, ""learning_growth"": 40.9, ""discipline_trust"": 38.5, ""analytical_insight"": 21.2, ""influence_advocacy"": 12.5, ""collaboration_harmony"": 12.5}",taiwan_2025,0.914026441501002,"{""t1"": 0.87, ""t2"": 0.87, ""t3"": 0.87, ""t4"": 0.87, ""t5"": 0.87, ""t6"": 0.87, ""t7"": 0.87, ""t8"": 0.87, ""t9"": 0.87, ""t10"": 0.87, ""t11"": 0.87, ""t12"": 0.87}",0.0,"[""pressure_regulation"", ""conflict_integration"", ""responsibility_accountability"", ""structured_execution""]","[""quality_perfectionism"", ""exploration_innovation"", ""customer_orientation"", ""learning_growth""]","[""discipline_trust"", ""analytical_insight"", ""influence_advocacy"", ""collaboration_harmony""]",thurstonian_irt_v4,4.0.0-alpha,0.3,v4_pilot_2025,18,2025-10-02T20:05:54.093688,2025-10-02T20:05:54.093707,,,,,,,,,,88.5,85.4,81.2,,,,,,,99.0,99.0,99.0,21.2,12.5,12.5,,,,,,,,,,,,,,,,,,,,,,,,,,,,,,,,,,,,,,,,,,,,,,,
v4_381ad696c3f5,,,,,,,,,,24.5,13.7,14.0,"{""T1"": 0.87, ""T2"": 1.21, ""T3"": 1.81, ""T4"": 1.29, ""T5"": 1.67, ""T6"": 1.22, ""T7"": -0.55, ""T8"": -0.83, ""T9"": -0.59, ""T10"": -1.3, ""T11"": -1.79, ""T12"": -1.92}","{""t1"": 0.3614, ""t2"": 0.3166, ""t3"": 0.4829, ""t4"": 0.4877, ""t5"": 0.4263, ""t6"": 0.4527, ""t7"": 0.3478, ""t8"": 0.4518, ""t9"": 0.4298, ""t10"": 0.483, ""t11"": 0.3661, ""t12"": 0.3531}","{""analytical_insight"": 99, ""influence_advocacy"": 99, ""collaboration_harmony"": 99, ""customer_orientation"": 91.6, ""learning_growth"": 86.0, ""discipline_trust"": 89.5, ""structured_execution"": 44.6, ""quality_perfectionism"": 40.3, ""exploration_innovation"": 32.4, ""pressure_regulation"": 24.5, ""conflict_integration"": 13.7, ""responsibility_accountability"": 14.0}",taiwan_2025,0.8677546756959535,"{""t1"": 0.87, ""t2"": 0.87, ""t3"": 0.87, ""t4"": 0.87, ""t5"": 0.87, ""t6"": 0.87, ""t7"": 0.87, ""t8"": 0.87, ""t9"": 0.87, ""t10"": 0.87, ""t11"": 0.87, ""t12"": 0.87}",0.0,"[""analytical_insight"", ""influence_advocacy"", ""collaboration_harmony"", ""customer_orientation""]","[""discipline_trust"", ""learning_growth"", ""structured_execution"", ""quality_perfectionism""]","[""exploration_innovation"", ""pressure_regulation"", ""responsibility_accountability"", ""conflict_integration""]",thurstonian_irt_v4,4.0.0-alpha,4.7,v4_pilot_2025,19,2025-10-02T21:01:37.370215,2025-10-02T21:01:37.370233,99.0,99.0,99.0,,,,,,,,,,,,,,,,,,,,,,44.6,40.3,32.4,91.6,86.0,89.5,,,,,,,,,,,,,,,,,,,,,,,,,,,,,,,,,,,,,,,,,
v4_789236b30973,35.3,26.9,37.0,30.6,31.4,39.9,32.5,25.4,30.8,27.8,43.5,31.9,"{""T1"": -0.0, ""T2"": -0.83, ""T3"": -0.42, ""T4"": -0.1, ""T5"": -0.48, ""T6"": -0.37, ""T7"": -0.5, ""T8"": -0.9, ""T9"": -0.33, ""T10"": -0.85, ""T11"": -0.28, ""T12"": -0.28}","{""t1"": 0.3782, ""t2"": 0.4751, ""t3"": 0.4769, ""t4"": 0.4851, ""t5"": 0.373, ""t6"": 0.4123, ""t7"": 0.486, ""t8"": 0.3886, ""t9"": 0.4269, ""t10"": 0.3717, ""t11"": 0.3511, ""t12"": 0.4058}","{""structured_execution"": 35.3, ""quality_perfectionism"": 26.9, ""exploration_innovation"": 37.0, ""analytical_insight"": 30.6, ""influence_advocacy"": 31.4, ""collaboration_harmony"": 39.9, ""customer_orientation"": 32.5, ""learning_growth"": 25.4, ""discipline_trust"": 30.8, ""pressure_regulation"": 27.8, ""conflict_integration"": 43.5, ""responsibility_accountability"": 31.9}",taiwan_2025,0.9142029973216674,"{""t1"": 0.87, ""t2"": 0.87, ""t3"": 0.87, ""t4"": 0.87, ""t5"": 0.87, ""t6"": 0.87, ""t7"": 0.87, ""t8"": 0.87, ""t9"": 0.87, ""t10"": 0.87, ""t11"": 0.87, ""t12"": 0.87}",0.0,"[""conflict_integration"", ""collaboration_harmony"", ""exploration_innovation"", ""structured_execution""]","[""customer_orientation"", ""responsibility_accountability"", ""influence_advocacy"", ""discipline_trust""]","[""analytical_insight"", ""pressure_regulation"", ""quality_perfectionism"", ""learning_growth""]",thurstonian_irt_v4,4.0.0-alpha,0.1,v4_pilot_2025,20,2025-10-02T21:37:34.468822,2025-10-02T21:37:34.468832,,,,,,,,,,,,,,,,,,,,,,,,,,,,,,,,,,,,,,,,,,,,,,,,,,,,,,,,,,,,,,,,,,,,,,,
v4_6215b728dfbd,28.9,28.7,28.4,43.8,26.0,34.5,34.8,34.8,23.7,29.2,41.8,37.7,"{""T1"": -0.81, ""T2"": -0.57, ""T3"": -0.6, ""T4"": -0.36, ""T5"": -0.69, ""T6"": -0.21, ""T7"": -0.11, ""T8"": -0.39, ""T9"": -0.8, ""T10"": -0.95, ""T11"": -0.08, ""T12"": -0.46}","{""t1"": 0.41, ""t2"": 0.3521, ""t3"": 0.439, ""t4"": 0.4584, ""t5"": 0.3548, ""t6"": 0.3455, ""t7"": 0.3084, ""t8"": 0.4982, ""t9"": 0.4404, ""t10"": 0.4724, ""t11"": 0.3403, ""t12"": 0.3536}","{""structured_execution"": 28.9, ""quality_perfectionism"": 28.7, ""exploration_innovation"": 28.4, ""analytical_insight"": 43.8, ""influence_advocacy"": 26.0, ""collaboration_harmony"": 34.5, ""customer_orientation"": 34.8, ""learning_growth"": 34.8, ""discipline_trust"": 23.7, ""pressure_regulation"": 29.2, ""conflict_integration"": 41.8, ""responsibility_accountability"": 37.7}",taiwan_2025,0.8640161734874992,"{""t1"": 0.87, ""t2"": 0.87, ""t3"": 0.87, ""t4"": 0.87, ""t5"": 0.87, ""t6"": 0.87, ""t7"": 0.87, ""t8"": 0.87, ""t9"": 0.87, ""t10"": 0.87, ""t11"": 0.87, ""t12"": 0.87}",0.0,"[""analytical_insight"", ""conflict_integration"", ""responsibility_accountability"", ""customer_orientation""]","[""learning_growth"", ""collaboration_harmony"", ""pressure_regulation"", ""structured_execution""]","[""quality_perfectionism"", ""exploration_innovation"", ""influence_advocacy"", ""discipline_trust""]",thurstonian_irt_v4,4.0.0-alpha,0.1,v4_pilot_2025,21,2025-10-02T21:41:50.580227,2025-10-02T21:41:50.580237,,,,,,,,,,,,,,,,,,,,,,,,,,,,,,,,,,,,,,,,,,,,,,,,,,,,,,,,,,,,,,,,,,,,,,,
v4_7b64e7b8266a,29.2,42.9,26.6,30.2,30.6,33.6,33.8,29.5,27.3,33.5,32.6,36.4,"{""T1"": -0.87, ""T2"": -0.19, ""T3"": -0.84, ""T4"": -0.02, ""T5"": -0.08, ""T6"": -0.13, ""T7"": -0.49, ""T8"": -0.68, ""T9"": -0.79, ""T10"": -0.0, ""T11"": -0.27, ""T12"": -0.18}","{""t1"": 0.4011, ""t2"": 0.3187, ""t3"": 0.4956, ""t4"": 0.3418, ""t5"": 0.487, ""t6"": 0.4786, ""t7"": 0.3745, ""t8"": 0.31, ""t9"": 0.4792, ""t10"": 0.3428, ""t11"": 0.465, ""t12"": 0.3029}","{""structured_execution"": 29.2, ""quality_perfectionism"": 42.9, ""exploration_innovation"": 26.6, ""analytical_insight"": 30.2, ""influence_advocacy"": 30.6, ""collaboration_harmony"": 33.6, ""customer_orientation"": 33.8, ""learning_growth"": 29.5, ""discipline_trust"": 27.3, ""pressure_regulation"": 33.5, ""conflict_integration"": 32.6, ""responsibility_accountability"": 36.4}",taiwan_2025,0.9130938098600242,"{""t1"": 0.87, ""t2"": 0.87, ""t3"": 0.87, ""t4"": 0.87, ""t5"": 0.87, ""t6"": 0.87, ""t7"": 0.87, ""t8"": 0.87, ""t9"": 0.87, ""t10"": 0.87, ""t11"": 0.87, ""t12"": 0.87}",0.0,"[""quality_perfectionism"", ""responsibility_accountability"", ""customer_orientation"", ""collaboration_harmony""]","[""pressure_regulation"", ""conflict_integration"", ""influence_advocacy"", ""analytical_insight""]","[""learning_growth"", ""structured_execution"", ""discipline_trust"", ""exploration_innovation""]",thurstonian_irt_v4,4.0.0-alpha,0.4,v4_pilot_2025,22,2025-10-03T00:39:10.916673,2025-10-03T00:39:10.916684,,,,,,,,,,,,,,,,,,,,,,,,,,,,,,,,,,,,,,,,,,,,,,,,,,,,,,,,,,,,,,,,,,,,,,,
v4_494bc076b3b7,25.4,26.1,46.9,31.3,31.0,39.6,33.1,28.8,23.0,27.2,34.9,44.7,"{""T1"": -0.68, ""T2"": -0.51, ""T3"": -0.06, ""T4"": -0.19, ""T5"": -0.24, ""T6"": -0.3, ""T7"": -0.15, ""T8"": -0.58, ""T9"": -0.82, ""T10"": -0.8, ""T11"": -0.12, ""T12"": -0.25}","{""t1"": 0.38, ""t2"": 0.42, ""t3"": 0.4457, ""t4"": 0.46, ""t5"": 0.3152, ""t6"": 0.3525, ""t7"": 0.4464, ""t8"": 0.3363, ""t9"": 0.435, ""t10"": 0.3453, ""t11"": 0.3573, ""t12"": 0.4807}","{""structured_execution"": 25.4, ""quality_perfectionism"": 26.1, ""exploration_innovation"": 46.9, ""analytical_insight"": 31.3, ""influence_advocacy"": 31.0, ""collaboration_harmony"": 39.6, ""customer_orientation"": 33.1, ""learning_growth"": 28.8, ""discipline_trust"": 23.0, ""pressure_regulation"": 27.2, ""conflict_integration"": 34.9, ""responsibility_accountability"": 44.7}",taiwan_2025,0.8771421734400101,"{""t1"": 0.87, ""t2"": 0.87, ""t3"": 0.87, ""t4"": 0.87, ""t5"": 0.87, ""t6"": 0.87, ""t7"": 0.87, ""t8"": 0.87, ""t9"": 0.87, ""t10"": 0.87, ""t11"": 0.87, ""t12"": 0.87}",0.0,"[""exploration_innovation"", ""responsibility_accountability"", ""collaboration_harmony"", ""conflict_integration""]","[""customer_orientation"", ""analytical_insight"", ""influence_advocacy"", ""learning_growth""]","[""pressure_regulation"", ""quality_perfectionism"", ""structured_execution"", ""discipline_trust""]",thurstonian_irt_v4,4.0.0-alpha,3.2,v4_pilot_2025,23,2025-10-03T11:58:39.281597,2025-10-03T11:58:39.281610,,,,,,,,,,,,,,,,,,,,,,,,,,,,,,,,,,,,,,,,,,,,,,,,,,,,,,,,,,,,,,,,,,,,,,,
v4_974bd933f668,47.3,57.6,38.0,22.9,28.7,30.5,27.8,31.0,30.3,29.2,29.1,27.3,"{""T1"": -0.2, ""T2"": 0.28, ""T3"": -0.17, ""T4"": -0.64, ""T5"": -0.88, ""T6"": -0.22, ""T7"": -0.84, ""T8"": -0.44, ""T9"": -0.03, ""T10"": -0.62, ""T11"": -0.94, ""T12"": -0.91}","{""t1"": 0.3867, ""t2"": 0.3842, ""t3"": 0.3678, ""t4"": 0.4538, ""t5"": 0.4674, ""t6"": 0.4554, ""t7"": 0.4104, ""t8"": 0.3139, ""t9"": 0.3721, ""t10"": 0.4697, ""t11"": 0.3583, ""t12"": 0.4277}","{""structured_execution"": 47.3, ""quality_perfectionism"": 57.6, ""exploration_innovation"": 38.0, ""analytical_insight"": 22.9, ""influence_advocacy"": 28.7, ""collaboration_harmony"": 30.5, ""customer_orientation"": 27.8, ""learning_growth"": 31.0, ""discipline_trust"": 30.3, ""pressure_regulation"": 29.2, ""conflict_integration"": 29.1, ""responsibility_accountability"": 27.3}",taiwan_2025,0.8660522698085994,"{""t1"": 0.87, ""t2"": 0.87, ""t3"": 0.87, ""t4"": 0.87, ""t5"": 0.87, ""t6"": 0.87, ""t7"": 0.87, ""t8"": 0.87, ""t9"": 0.87, ""t10"": 0.87, ""t11"": 0.87, ""t12"": 0.87}",0.0,"[""quality_perfectionism"", ""structured_execution"", ""exploration_innovation"", ""learning_growth""]","[""collaboration_harmony"", ""discipline_trust"", ""pressure_regulation"", ""conflict_integration""]","[""influence_advocacy"", ""customer_orientation"", ""responsibility_accountability"", ""analytical_insight""]",thurstonian_irt_v4,4.0.0-alpha,0.1,v4_pilot_2025,24,2025-10-03T15:25:58.374042,2025-10-03T15:25:58.374053,,,,,,,,,,,,,,,,,,,,,,,,,,,,,,,,,,,,,,,,,,,,,,,,,,,,,,,,,,,,,,,,,,,,,,,
v4_57016b8c2cda,35.1,34.4,33.1,34.1,28.7,30.6,22.2,38.6,30.2,37.2,27.1,35.3,"{""T1"": -0.06, ""T2"": -0.17, ""T3"": -0.34, ""T4"": -0.41, ""T5"": -0.71, ""T6"": -0.1, ""T7"": -0.89, ""T8"": -0.13, ""T9"": -0.28, ""T10"": -0.12, ""T11"": -0.67, ""T12"": -0.44}","{""t1"": 0.4922, ""t2"": 0.3478, ""t3"": 0.4215, ""t4"": 0.3744, ""t5"": 0.3851, ""t6"": 0.4047, ""t7"": 0.4528, ""t8"": 0.4971, ""t9"": 0.3687, ""t10"": 0.3708, ""t11"": 0.3169, ""t12"": 0.4419}","{""structured_execution"": 35.1, ""quality_perfectionism"": 34.4, ""exploration_innovation"": 33.1, ""analytical_insight"": 34.1, ""influence_advocacy"": 28.7, ""collaboration_harmony"": 30.6, ""customer_orientation"": 22.2, ""learning_growth"": 38.6, ""discipline_trust"": 30.2, ""pressure_regulation"": 37.2, ""conflict_integration"": 27.1, ""responsibility_accountability"": 35.3}",taiwan_2025,0.8924882834951703,"{""t1"": 0.87, ""t2"": 0.87, ""t3"": 0.87, ""t4"": 0.87, ""t5"": 0.87, ""t6"": 0.87, ""t7"": 0.87, ""t8"": 0.87, ""t9"": 0.87, ""t10"": 0.87, ""t11"": 0.87, ""t12"": 0.87}",0.0,"[""learning_growth"", ""pressure_regulation"", ""responsibility_accountability"", ""structured_execution""]","[""quality_perfectionism"", ""analytical_insight"", ""exploration_innovation"", ""collaboration_harmony""]","[""discipline_trust"", ""influence_advocacy"", ""conflict_integration"", ""customer_orientation""]",thurstonian_irt_v4,4.0.0-alpha,0.3,v4_pilot_2025,25,2025-10-03T15:28:23.125993,2025-10-03T15:28:23.126005,,,,,,,,,,,,,,,,,,,,,,,,,,,,,,,,,,,,,,,,,,,,,,,,,,,,,,,,,,,,,,,,,,,,,,,
v4_9ce8d21ab4b9,,,,80.5,64.9,,,,,,,,"{""T1"": 2.33, ""T2"": 1.67, ""T3"": 1.84, ""T4"": 0.6, ""T5"": 0.31, ""T6"": 0.03, ""T7"": 0.38, ""T8"": 0.3, ""T9"": -0.33, ""T10"": -0.28, ""T11"": -0.9, ""T12"": -0.77}","{""t1"": 0.44, ""t2"": 0.3885, ""t3"": 0.4686, ""t4"": 0.4906, ""t5"": 0.3795, ""t6"": 0.4004, ""t7"": 0.4874, ""t8"": 0.4213, ""t9"": 0.3969, ""t10"": 0.3853, ""t11"": 0.4429, ""t12"": 0.4563}","{""responsibility_accountability"": 96.7, ""conflict_integration"": 90.3, ""collaboration_harmony"": 84.3, ""analytical_insight"": 80.5, ""influence_advocacy"": 64.9, ""structured_execution"": 59.8, ""quality_perfectionism"": 54.6, ""pressure_regulation"": 50.8, ""customer_orientation"": 34.1, ""discipline_trust"": 30.2, ""exploration_innovation"": 24.8, ""learning_growth"": 21.8}",taiwan_2025,0.8703001583420004,"{""t1"": 0.87, ""t2"": 0.87, ""t3"": 0.87, ""t4"": 0.87, ""t5"": 0.87, ""t6"": 0.87, ""t7"": 0.87, ""t8"": 0.87, ""t9"": 0.87, ""t10"": 0.87, ""t11"": 0.87, ""t12"": 0.87}",0.0,"[""responsibility_accountability"", ""conflict_integration"", ""collaboration_harmony"", ""analytical_insight""]","[""influence_advocacy"", ""structured_execution"", ""quality_perfectionism"", ""pressure_regulation""]","[""customer_orientation"", ""discipline_trust"", ""exploration_innovation"", ""learning_growth""]",thurstonian_irt_v4,4.0.0-alpha,0.2,v4_pilot_2025,26,2025-10-03T15:31:29.585482,2025-10-03T15:31:29.585492,,,84.3,,,,,,,,,,,,,,,,,90.3,,,,,,,,,,,96.7,59.8,54.6,50.8,34.1,30.2,24.8,21.8,,,,,,,,,,,,,,,,,,,,,,,,,,,,,,,,,
v4_22c5765ab650,,,,,,,,,,,,,"{""T1"": 1.81, ""T2"": 1.35, ""T3"": 1.49, ""T4"": 0.58, ""T5"": 0.34, ""T6"": 0.21, ""T7"": 0.27, ""T8"": 0.22, ""T9"": -0.18, ""T10"": -0.51, ""T11"": -0.66, ""T12"": -0.84}","{""t1"": 0.4526, ""t2"": 0.4038, ""t3"": 0.4258, ""t4"": 0.4085, ""t5"": 0.3135, ""t6"": 0.3323, ""t7"": 0.3918, ""t8"": 0.4343, ""t9"": 0.3098, ""t10"": 0.3916, ""t11"": 0.3907, ""t12"": 0.4068}","{""discipline_trust"": 94.1, ""structured_execution"": 88.6, ""conflict_integration"": 84.0, ""influence_advocacy"": 79.8, ""exploration_innovation"": 64.0, ""analytical_insight"": 60.1, ""learning_growth"": 55.0, ""pressure_regulation"": 51.9, ""responsibility_accountability"": 34.5, ""quality_perfectionism"": 29.1, ""customer_orientation"": 24.4, ""collaboration_harmony"": 20.0}",taiwan_2025,0.860245436245082,"{""t1"": 0.87, ""t2"": 0.87, ""t3"": 0.87, ""t4"": 0.87, ""t5"": 0.87, ""t6"": 0.87, ""t7"": 0.87, ""t8"": 0.87, ""t9"": 0.87, ""t10"": 0.87, ""t11"": 0.87, ""t12"": 0.87}",0.0,"[""discipline_trust"", ""structured_execution"", ""conflict_integration"", ""influence_advocacy""]","[""exploration_innovation"", ""analytical_insight"", ""learning_growth"", ""pressure_regulation""]","[""responsibility_accountability"", ""quality_perfectionism"", ""customer_orientation"", ""collaboration_harmony""]",thurstonian_irt_v4,4.0.0-alpha,0.1,v4_pilot_2025,27,2025-10-03T15:34:40.528382,2025-10-03T15:34:40.528392,,,,,,,,,,,,,,,34.5,,,,,,,,,20.0,,,,,,,,,,51.9,,,,,94.1,88.6,84.0,79.8,64.0,60.1,55.0,29.1,24.4,,,,,,,,,,,,,,,,,,,,,,,,
v4_261163e7b25f,95.2,89.1,,,,,,,,,,,"{""T1"": 2.42, ""T2"": 2.13, ""T3"": 2.28, ""T4"": 0.69, ""T5"": 0.19, ""T6"": 0.04, ""T7"": 0.09, ""T8"": 0.16, ""T9"": -0.22, ""T10"": -0.88, ""T11"": -0.96, ""T12"": -0.57}","{""t1"": 0.4408, ""t2"": 0.3543, ""t3"": 0.3939, ""t4"": 0.4807, ""t5"": 0.3552, ""t6"": 0.3962, ""t7"": 0.3069, ""t8"": 0.321, ""t9"": 0.4887, ""t10"": 0.4036, ""t11"": 0.4981, ""t12"": 0.4686}","{""structured_execution"": 95.2, ""quality_perfectionism"": 89.1, ""responsibility_accountability"": 86.0, ""customer_orientation"": 79.9, ""learning_growth"": 66.5, ""discipline_trust"": 60.3, ""pressure_regulation"": 56.3, ""conflict_integration"": 51.1, ""collaboration_harmony"": 35.4, ""exploration_innovation"": 29.3, ""analytical_insight"": 25.3, ""influence_advocacy"": 19.9}",taiwan_2025,0.8534909742804945,"{""t1"": 0.87, ""t2"": 0.87, ""t3"": 0.87, ""t4"": 0.87, ""t5"": 0.87, ""t6"": 0.87, ""t7"": 0.87, ""t8"": 0.87, ""t9"": 0.87, ""t10"": 0.87, ""t11"": 0.87, ""t12"": 0.87}",0.0,"[""structured_execution"", ""quality_perfectionism"", ""responsibility_accountability"", ""customer_orientation""]","[""learning_growth"", ""discipline_trust"", ""pressure_regulation"", ""conflict_integration""]","[""collaboration_harmony"", ""exploration_innovation"", ""analytical_insight"", ""influence_advocacy""]",thurstonian_irt_v4,4.0.0-alpha,0.2,v4_pilot_2025,28,2025-10-03T15:43:02.829481,2025-10-03T15:43:02.829492,,,,,,,,,,,,,56.3,51.1,,,,,,,86.0,,,,,,,79.9,66.5,60.3,,,,,,,,,,,,,,,,,,35.4,29.3,25.3,19.9,,,,,,,,,,,,,,,,,,,,
v4_4f411ce29bc6,,,,,,,,,,,,,"{""T1"": 1.96, ""T2"": 1.6, ""T3"": 2.16, ""T4"": 0.55, ""T5"": 0.17, ""T6"": 0.5, ""T7"": 0.44, ""T8"": 0.46, ""T9"": -0.49, ""T10"": -0.86, ""T11"": -0.78, ""T12"": -0.64}","{""t1"": 0.4641, ""t2"": 0.3119, ""t3"": 0.4855, ""t4"": 0.3634, ""t5"": 0.3729, ""t6"": 0.3991, ""t7"": 0.3923, ""t8"": 0.3956, ""t9"": 0.3153, ""t10"": 0.3123, ""t11"": 0.3795, ""t12"": 0.3502}","{""exploration_innovation"": 96.1, ""analytical_insight"": 88.0, ""learning_growth"": 86.7, ""discipline_trust"": 80.4, ""pressure_regulation"": 63.2, ""responsibility_accountability"": 61.6, ""structured_execution"": 55.2, ""quality_perfectionism"": 51.7, ""influence_advocacy"": 35.5, ""conflict_integration"": 29.1, ""customer_orientation"": 23.1, ""collaboration_harmony"": 18.2}",taiwan_2025,0.9030768653080096,"{""t1"": 0.87, ""t2"": 0.87, ""t3"": 0.87, ""t4"": 0.87, ""t5"": 0.87, ""t6"": 0.87, ""t7"": 0.87, ""t8"": 0.87, ""t9"": 0.87, ""t10"": 0.87, ""t11"": 0.87, ""t12"": 0.87}",0.0,"[""exploration_innovation"", ""analytical_insight"", ""learning_growth"", ""discipline_trust""]","[""pressure_regulation"", ""responsibility_accountability"", ""structured_execution"", ""quality_perfectionism""]","[""influence_advocacy"", ""conflict_integration"", ""customer_orientation"", ""collaboration_harmony""]",thurstonian_irt_v4,4.0.0-alpha,0.1,v4_pilot_2025,29,2025-10-03T15:43:07.021936,2025-10-03T15:43:07.021945,,,,,,61.6,,,,,,,,,,,,,,,,,,18.2,55.2,51.7,,,,,,,,,,,,,,,,,,,,,23.1,,,,,96.1,88.0,86.7,80.4,63.2,35.5,29.1,,,,,,,,,,,,,
v4_2c3babd74702,,,,,,,,,,29.6,,,"{""T1"": 1.77, ""T2"": 2.4, ""T3"": 2.21, ""T4"": 0.99, ""T5"": 0.3, ""T6"": 0.26, ""T7"": 0.15, ""T8"": -0.13, ""T9"": -0.17, ""T10"": -0.54, ""T11"": -0.58, ""T12"": -0.65}","{""t1"": 0.4132, ""t2"": 0.4161, ""t3"": 0.3769, ""t4"": 0.4344, ""t5"": 0.3639, ""t6"": 0.4949, ""t7"": 0.3688, ""t8"": 0.3162, ""t9"": 0.451, ""t10"": 0.4372, ""t11"": 0.3444, ""t12"": 0.3202}","{""customer_orientation"": 94.6, ""influence_advocacy"": 91.5, ""conflict_integration"": 84.8, ""exploration_innovation"": 79.6, ""collaboration_harmony"": 66.0, ""responsibility_accountability"": 58.1, ""discipline_trust"": 53.5, ""structured_execution"": 49.8, ""analytical_insight"": 35.0, ""pressure_regulation"": 29.6, ""quality_perfectionism"": 26.9, ""learning_growth"": 19.6}",taiwan_2025,0.9263806870065303,"{""t1"": 0.87, ""t2"": 0.87, ""t3"": 0.87, ""t4"": 0.87, ""t5"": 0.87, ""t6"": 0.87, ""t7"": 0.87, ""t8"": 0.87, ""t9"": 0.87, ""t10"": 0.87, ""t11"": 0.87, ""t12"": 0.87}",0.0,"[""customer_orientation"", ""influence_advocacy"", ""conflict_integration"", ""exploration_innovation""]","[""collaboration_harmony"", ""responsibility_accountability"", ""discipline_trust"", ""structured_execution""]","[""analytical_insight"", ""pressure_regulation"", ""quality_perfectionism"", ""learning_growth""]",thurstonian_irt_v4,4.0.0-alpha,0.1,v4_pilot_2025,30,2025-10-03T15:43:10.469574,2025-10-03T15:43:10.469584,,91.5,,,,58.1,,26.9,,,,,,,,,,,,,,,,,,,,,,,,,,,,,,19.6,,,84.8,,,,,,,,,,,,,,,,,,94.6,79.6,66.0,53.5,49.8,35.0,,,,,,,
v4_5c4dc4c7d761,,,,,64.3,,,,,,,20.5,"{""T1"": 2.09, ""T2"": 1.46, ""T3"": 1.98, ""T4"": 0.79, ""T5"": 0.41, ""T6"": 0.46, ""T7"": 0.3, ""T8"": -0.11, ""T9"": -0.13, ""T10"": -0.68, ""T11"": -0.66, ""T12"": -0.51}","{""t1"": 0.3264, ""t2"": 0.4999, ""t3"": 0.3201, ""t4"": 0.3815, ""t5"": 0.3429, ""t6"": 0.3844, ""t7"": 0.4075, ""t8"": 0.372, ""t9"": 0.3035, ""t10"": 0.4644, ""t11"": 0.3929, ""t12"": 0.315}","{""pressure_regulation"": 96.9, ""collaboration_harmony"": 91.5, ""quality_perfectionism"": 85.4, ""discipline_trust"": 79.3, ""influence_advocacy"": 64.3, ""conflict_integration"": 61.1, ""learning_growth"": 54.8, ""customer_orientation"": 49.6, ""exploration_innovation"": 33.8, ""analytical_insight"": 28.9, ""structured_execution"": 26.2, ""responsibility_accountability"": 20.5}",taiwan_2025,0.9271768657489596,"{""t1"": 0.87, ""t2"": 0.87, ""t3"": 0.87, ""t4"": 0.87, ""t5"": 0.87, ""t6"": 0.87, ""t7"": 0.87, ""t8"": 0.87, ""t9"": 0.87, ""t10"": 0.87, ""t11"": 0.87, ""t12"": 0.87}",0.0,"[""pressure_regulation"", ""collaboration_harmony"", ""quality_perfectionism"", ""discipline_trust""]","[""influence_advocacy"", ""conflict_integration"", ""learning_growth"", ""customer_orientation""]","[""exploration_innovation"", ""analytical_insight"", ""structured_execution"", ""responsibility_accountability""]",thurstonian_irt_v4,4.0.0-alpha,0.1,v4_pilot_2025,31,2025-10-03T15:43:14.692578,2025-10-03T15:43:14.692588,,,,,,,,,,,,,,,,,,,96.9,,,28.9,,,,,33.8,,,,,,,,,,,,,,,,,,54.8,,,,,,,,,,79.3,,,,,,,,,,91.5,85.4,61.1,49.6,26.2,,
v4_2e76cae3b245,96.6,91.4,,,,,,,,,,,"{""T1"": 2.33, ""T2"": 1.36, ""T3"": 2.12, ""T4"": 0.78, ""T5"": 0.34, ""T6"": 0.26, ""T7"": 0.32, ""T8"": 0.13, ""T9"": -0.1, ""T10"": -0.85, ""T11"": -0.89, ""T12"": -0.68}","{""t1"": 0.4344, ""t2"": 0.3698, ""t3"": 0.4821, ""t4"": 0.4573, ""t5"": 0.4757, ""t6"": 0.3007, ""t7"": 0.3964, ""t8"": 0.3713, ""t9"": 0.346, ""t10"": 0.3861, ""t11"": 0.4384, ""t12"": 0.4823}","{""structured_execution"": 96.6, ""quality_perfectionism"": 91.4, ""responsibility_accountability"": 84.5, ""customer_orientation"": 81.3, ""learning_growth"": 65.0, ""discipline_trust"": 59.2, ""pressure_regulation"": 55.3, ""conflict_integration"": 50.6, ""collaboration_harmony"": 36.9, ""exploration_innovation"": 28.9, ""analytical_insight"": 25.4, ""influence_advocacy"": 20.9}",taiwan_2025,0.8757762815440352,"{""t1"": 0.87, ""t2"": 0.87, ""t3"": 0.87, ""t4"": 0.87, ""t5"": 0.87, ""t6"": 0.87, ""t7"": 0.87, ""t8"": 0.87, ""t9"": 0.87, ""t10"": 0.87, ""t11"": 0.87, ""t12"": 0.87}",0.0,"[""structured_execution"", ""quality_perfectionism"", ""responsibility_accountability"", ""customer_orientation""]","[""learning_growth"", ""discipline_trust"", ""pressure_regulation"", ""conflict_integration""]","[""collaboration_harmony"", ""exploration_innovation"", ""analytical_insight"", ""influence_advocacy""]",thurstonian_irt_v4,4.0.0-alpha,0.1,v4_pilot_2025,32,2025-10-03T15:43:42.894496,2025-10-03T15:43:42.894506,,,,,,,,,,,,,55.3,50.6,,,,,,,84.5,,,,,,,81.3,65.0,59.2,,,,,,,,,,,,,,,,,,36.9,28.9,25.4,20.9,,,,,,,,,,,,,,,,,,,,
v4_d52cc95aa7e5,,,,,,,,,,,,,"{""T1"": 1.76, ""T2"": 2.16, ""T3"": 2.35, ""T4"": 0.77, ""T5"": 0.0, ""T6"": 0.03, ""T7"": 0.44, ""T8"": 0.11, ""T9"": -0.28, ""T10"": -0.82, ""T11"": -0.51, ""T12"": -0.91}","{""t1"": 0.4834, ""t2"": 0.3325, ""t3"": 0.4842, ""t4"": 0.4302, ""t5"": 0.3497, ""t6"": 0.3868, ""t7"": 0.425, ""t8"": 0.4712, ""t9"": 0.3313, ""t10"": 0.3873, ""t11"": 0.3211, ""t12"": 0.4133}","{""exploration_innovation"": 94.8, ""analytical_insight"": 89.7, ""learning_growth"": 86.0, ""discipline_trust"": 81.1, ""pressure_regulation"": 65.9, ""responsibility_accountability"": 61.8, ""structured_execution"": 56.7, ""quality_perfectionism"": 51.1, ""influence_advocacy"": 36.2, ""conflict_integration"": 29.7, ""customer_orientation"": 24.8, ""collaboration_harmony"": 21.0}",taiwan_2025,0.8749455231677933,"{""t1"": 0.87, ""t2"": 0.87, ""t3"": 0.87, ""t4"": 0.87, ""t5"": 0.87, ""t6"": 0.87, ""t7"": 0.87, ""t8"": 0.87, ""t9"": 0.87, ""t10"": 0.87, ""t11"": 0.87, ""t12"": 0.87}",0.0,"[""exploration_innovation"", ""analytical_insight"", ""learning_growth"", ""discipline_trust""]","[""pressure_regulation"", ""responsibility_accountability"", ""structured_execution"", ""quality_perfectionism""]","[""influence_advocacy"", ""conflict_integration"", ""customer_orientation"", ""collaboration_harmony""]",thurstonian_irt_v4,4.0.0-alpha,0.1,v4_pilot_2025,33,2025-10-03T15:43:47.321008,2025-10-03T15:43:47.321018,,,,,,61.8,,,,,,,,,,,,,,,,,,21.0,56.7,51.1,,,,,,,,,,,,,,,,,,,,,24.8,,,,,94.8,89.7,86.0,81.1,65.9,36.2,29.7,,,,,,,,,,,,,
v4_b339d519f357,,,,,,,,,,30.0,,,"{""T1"": 1.46, ""T2"": 1.12, ""T3"": 2.49, ""T4"": 0.66, ""T5"": 0.39, ""T6"": 0.13, ""T7"": 0.24, ""T8"": 0.22, ""T9"": -0.23, ""T10"": -0.46, ""T11"": -0.62, ""T12"": -0.58}","{""t1"": 0.3254, ""t2"": 0.3363, ""t3"": 0.4994, ""t4"": 0.3678, ""t5"": 0.4314, ""t6"": 0.463, ""t7"": 0.4248, ""t8"": 0.3488, ""t9"": 0.3111, ""t10"": 0.3804, ""t11"": 0.3716, ""t12"": 0.362}","{""customer_orientation"": 93.9, ""influence_advocacy"": 88.8, ""conflict_integration"": 86.5, ""exploration_innovation"": 79.0, ""collaboration_harmony"": 65.7, ""responsibility_accountability"": 59.2, ""discipline_trust"": 53.5, ""structured_execution"": 50.0, ""analytical_insight"": 35.5, ""pressure_regulation"": 30.0, ""quality_perfectionism"": 26.2, ""learning_growth"": 19.0}",taiwan_2025,0.8811563129197779,"{""t1"": 0.87, ""t2"": 0.87, ""t3"": 0.87, ""t4"": 0.87, ""t5"": 0.87, ""t6"": 0.87, ""t7"": 0.87, ""t8"": 0.87, ""t9"": 0.87, ""t10"": 0.87, ""t11"": 0.87, ""t12"": 0.87}",0.0,"[""customer_orientation"", ""influence_advocacy"", ""conflict_integration"", ""exploration_innovation""]","[""collaboration_harmony"", ""responsibility_accountability"", ""discipline_trust"", ""structured_execution""]","[""analytical_insight"", ""pressure_regulation"", ""quality_perfectionism"", ""learning_growth""]",thurstonian_irt_v4,4.0.0-alpha,0.1,v4_pilot_2025,34,2025-10-03T15:43:51.524493,2025-10-03T15:43:51.524505,,88.8,,,,59.2,,26.2,,,,,,,,,,,,,,,,,,,,,,,,,,,,,,19.0,,,86.5,,,,,,,,,,,,,,,,,,93.9,79.0,65.7,53.5,50.0,35.5,,,,,,,
v4_8a76783b9eb6,,,,,65.1,,,,,,,19.0,"{""T1"": 1.05, ""T2"": 2.25, ""T3"": 1.0, ""T4"": 0.94, ""T5"": 0.32, ""T6"": 0.0, ""T7"": 0.06, ""T8"": -0.48, ""T9"": -0.09, ""T10"": -0.6, ""T11"": -0.7, ""T12"": -0.74}","{""t1"": 0.3991, ""t2"": 0.3421, ""t3"": 0.3674, ""t4"": 0.3976, ""t5"": 0.4901, ""t6"": 0.4468, ""t7"": 0.4338, ""t8"": 0.4231, ""t9"": 0.3034, ""t10"": 0.3053, ""t11"": 0.3226, ""t12"": 0.4974}","{""pressure_regulation"": 94.9, ""collaboration_harmony"": 91.8, ""quality_perfectionism"": 83.7, ""discipline_trust"": 81.7, ""influence_advocacy"": 65.1, ""conflict_integration"": 58.2, ""learning_growth"": 55.7, ""customer_orientation"": 48.1, ""exploration_innovation"": 36.9, ""analytical_insight"": 29.5, ""structured_execution"": 24.8, ""responsibility_accountability"": 19.0}",taiwan_2025,0.86596383496044,"{""t1"": 0.87, ""t2"": 0.87, ""t3"": 0.87, ""t4"": 0.87, ""t5"": 0.87, ""t6"": 0.87, ""t7"": 0.87, ""t8"": 0.87, ""t9"": 0.87, ""t10"": 0.87, ""t11"": 0.87, ""t12"": 0.87}",0.0,"[""pressure_regulation"", ""collaboration_harmony"", ""quality_perfectionism"", ""discipline_trust""]","[""influence_advocacy"", ""conflict_integration"", ""learning_growth"", ""customer_orientation""]","[""exploration_innovation"", ""analytical_insight"", ""structured_execution"", ""responsibility_accountability""]",thurstonian_irt_v4,4.0.0-alpha,0.1,v4_pilot_2025,35,2025-10-03T15:43:55.793126,2025-10-03T15:43:55.793137,,,,,,,,,,,,,,,,,,,94.9,,,29.5,,,,,36.9,,,,,,,,,,,,,,,,,,55.7,,,,,,,,,,81.7,,,,,,,,,,91.8,83.7,58.2,48.1,24.8,,
v4_97715fca2c29,,88.2,,,,,,,,,,,"{""T1"": 2.25, ""T2"": 1.23, ""T3"": 1.28, ""T4"": 0.72, ""T5"": 0.22, ""T6"": 0.12, ""T7"": 0.15, ""T8"": 0.32, ""T9"": -0.35, ""T10"": -0.47, ""T11"": -0.95, ""T12"": -0.5}","{""t1"": 0.4692, ""t2"": 0.3982, ""t3"": 0.3874, ""t4"": 0.3937, ""t5"": 0.41, ""t6"": 0.4461, ""t7"": 0.4763, ""t8"": 0.3208, ""t9"": 0.4473, ""t10"": 0.3382, ""t11"": 0.3256, ""t12"": 0.4716}","{""responsibility_accountability"": 96.5, ""quality_perfectionism"": 88.2, ""collaboration_harmony"": 84.5, ""pressure_regulation"": 81.7, ""structured_execution"": 65.1, ""analytical_insight"": 59.6, ""learning_growth"": 54.2, ""conflict_integration"": 50.3, ""exploration_innovation"": 34.7, ""influence_advocacy"": 31.5, ""customer_orientation"": 23.9, ""discipline_trust"": 21.5}",taiwan_2025,0.8655640614049229,"{""t1"": 0.87, ""t2"": 0.87, ""t3"": 0.87, ""t4"": 0.87, ""t5"": 0.87, ""t6"": 0.87, ""t7"": 0.87, ""t8"": 0.87, ""t9"": 0.87, ""t10"": 0.87, ""t11"": 0.87, ""t12"": 0.87}",0.0,"[""responsibility_accountability"", ""quality_perfectionism"", ""collaboration_harmony"", ""pressure_regulation""]","[""structured_execution"", ""analytical_insight"", ""learning_growth"", ""conflict_integration""]","[""exploration_innovation"", ""influence_advocacy"", ""customer_orientation"", ""discipline_trust""]",thurstonian_irt_v4,4.0.0-alpha,0.1,v4_pilot_2025,36,2025-10-03T15:46:44.497552,2025-10-03T15:46:44.497563,,,84.5,81.7,,,,,,,,,,50.3,,,,21.5,,,,,,,,,34.7,,,,96.5,,,,,,,,,,,,,59.6,54.2,,23.9,,,,,,,,,,,,,,,,,,,,,,,65.1,31.5
v4_92cbe5012971,96.7,89.2,,,,,,,,,,,"{""T1"": 1.12, ""T2"": 2.43, ""T3"": 2.46, ""T4"": 0.63, ""T5"": 0.19, ""T6"": 0.09, ""T7"": 0.21, ""T8"": 0.26, ""T9"": -0.4, ""T10"": -0.36, ""T11"": -0.98, ""T12"": -0.83}","{""t1"": 0.4318, ""t2"": 0.4408, ""t3"": 0.4703, ""t4"": 0.4619, ""t5"": 0.4673, ""t6"": 0.4709, ""t7"": 0.3461, ""t8"": 0.4512, ""t9"": 0.424, ""t10"": 0.3873, ""t11"": 0.3509, ""t12"": 0.4117}","{""structured_execution"": 96.7, ""quality_perfectionism"": 89.2, ""responsibility_accountability"": 86.8, ""customer_orientation"": 79.0, ""learning_growth"": 66.3, ""discipline_trust"": 60.2, ""pressure_regulation"": 53.4, ""conflict_integration"": 52.0, ""collaboration_harmony"": 35.1, ""exploration_innovation"": 30.4, ""analytical_insight"": 23.6, ""influence_advocacy"": 18.1}",taiwan_2025,0.8555990997073435,"{""t1"": 0.87, ""t2"": 0.87, ""t3"": 0.87, ""t4"": 0.87, ""t5"": 0.87, ""t6"": 0.87, ""t7"": 0.87, ""t8"": 0.87, ""t9"": 0.87, ""t10"": 0.87, ""t11"": 0.87, ""t12"": 0.87}",0.0,"[""structured_execution"", ""quality_perfectionism"", ""responsibility_accountability"", ""customer_orientation""]","[""learning_growth"", ""discipline_trust"", ""pressure_regulation"", ""conflict_integration""]","[""collaboration_harmony"", ""exploration_innovation"", ""analytical_insight"", ""influence_advocacy""]",thurstonian_irt_v4,4.0.0-alpha,0.2,v4_pilot_2025,37,2025-10-03T15:59:02.192292,2025-10-03T15:59:02.192300,,,,,,,,,,,,,53.4,52.0,,,,,,,86.8,,,,,,,79.0,66.3,60.2,,,,,,,,,,,,,,,,,,35.1,30.4,23.6,18.1,,,,,,,,,,,,,,,,,,,,
v4_b3d67562a67d,,,,,,,,,,,,,"{""T1"": 2.42, ""T2"": 1.89, ""T3"": 2.24, ""T4"": 0.72, ""T5"": 0.45, ""T6"": 0.13, ""T7"": 0.19, ""T8"": -0.36, ""T9"": -0.25, ""T10"": -0.37, ""T11"": -0.99, ""T12"": -0.82}","{""t1"": 0.4519, ""t2"": 0.4549, ""t3"": 0.3234, ""t4"": 0.4912, ""t5"": 0.3539, ""t6"": 0.5, ""t7"": 0.3833, ""t8"": 0.3245, ""t9"": 0.42, ""t10"": 0.4015, ""t11"": 0.3839, ""t12"": 0.3757}","{""exploration_innovation"": 94.4, ""analytical_insight"": 91.7, ""learning_growth"": 84.2, ""discipline_trust"": 81.3, ""pressure_regulation"": 64.3, ""responsibility_accountability"": 58.6, ""structured_execution"": 55.4, ""quality_perfectionism"": 49.4, ""influence_advocacy"": 36.8, ""conflict_integration"": 30.1, ""customer_orientation"": 24.6, ""collaboration_harmony"": 19.2}",taiwan_2025,0.8851400580481718,"{""t1"": 0.87, ""t2"": 0.87, ""t3"": 0.87, ""t4"": 0.87, ""t5"": 0.87, ""t6"": 0.87, ""t7"": 0.87, ""t8"": 0.87, ""t9"": 0.87, ""t10"": 0.87, ""t11"": 0.87, ""t12"": 0.87}",0.0,"[""exploration_innovation"", ""analytical_insight"", ""learning_growth"", ""discipline_trust""]","[""pressure_regulation"", ""responsibility_accountability"", ""structured_execution"", ""quality_perfectionism""]","[""influence_advocacy"", ""conflict_integration"", ""customer_orientation"", ""collaboration_harmony""]",thurstonian_irt_v4,4.0.0-alpha,0.2,v4_pilot_2025,38,2025-10-03T15:59:06.400800,2025-10-03T15:59:06.400811,,,,,,58.6,,,,,,,,,,,,,,,,,,19.2,55.4,49.4,,,,,,,,,,,,,,,,,,,,,24.6,,,,,94.4,91.7,84.2,81.3,64.3,36.8,30.1,,,,,,,,,,,,,
v4_e1a13df4681f,,,,,,,,,,30.8,,,"{""T1"": 2.01, ""T2"": 2.02, ""T3"": 1.65, ""T4"": 0.61, ""T5"": 0.43, ""T6"": 0.33, ""T7"": 0.38, ""T8"": -0.37, ""T9"": -0.38, ""T10"": -0.15, ""T11"": -0.77, ""T12"": -0.55}","{""t1"": 0.341, ""t2"": 0.483, ""t3"": 0.365, ""t4"": 0.3901, ""t5"": 0.3292, ""t6"": 0.4482, ""t7"": 0.3906, ""t8"": 0.363, ""t9"": 0.3784, ""t10"": 0.4433, ""t11"": 0.4953, ""t12"": 0.3735}","{""customer_orientation"": 94.0, ""influence_advocacy"": 90.7, ""conflict_integration"": 84.5, ""exploration_innovation"": 79.4, ""collaboration_harmony"": 65.6, ""responsibility_accountability"": 59.4, ""discipline_trust"": 53.8, ""structured_execution"": 48.5, ""analytical_insight"": 36.5, ""pressure_regulation"": 30.8, ""quality_perfectionism"": 26.3, ""learning_growth"": 19.6}",taiwan_2025,0.9266249132405464,"{""t1"": 0.87, ""t2"": 0.87, ""t3"": 0.87, ""t4"": 0.87, ""t5"": 0.87, ""t6"": 0.87, ""t7"": 0.87, ""t8"": 0.87, ""t9"": 0.87, ""t10"": 0.87, ""t11"": 0.87, ""t12"": 0.87}",0.0,"[""customer_orientation"", ""influence_advocacy"", ""conflict_integration"", ""exploration_innovation""]","[""collaboration_harmony"", ""responsibility_accountability"", ""discipline_trust"", ""structured_execution""]","[""analytical_insight"", ""pressure_regulation"", ""quality_perfectionism"", ""learning_growth""]",thurstonian_irt_v4,4.0.0-alpha,0.2,v4_pilot_2025,39,2025-10-03T15:59:10.658671,2025-10-03T15:59:10.658684,,90.7,,,,59.4,,26.3,,,,,,,,,,,,,,,,,,,,,,,,,,,,,,19.6,,,84.5,,,,,,,,,,,,,,,,,,94.0,79.4,65.6,53.8,48.5,36.5,,,,,,,
v4_22dbe9f0889d,,,,,65.9,,,,,,,20.2,"{""T1"": 1.92, ""T2"": 2.41, ""T3"": 1.4, ""T4"": 0.64, ""T5"": 0.12, ""T6"": 0.44, ""T7"": 0.49, ""T8"": -0.3, ""T9"": -0.03, ""T10"": -0.86, ""T11"": -0.57, ""T12"": -0.76}","{""t1"": 0.3887, ""t2"": 0.4778, ""t3"": 0.4411, ""t4"": 0.449, ""t5"": 0.4528, ""t6"": 0.3232, ""t7"": 0.3596, ""t8"": 0.4151, ""t9"": 0.4939, ""t10"": 0.4147, ""t11"": 0.4785, ""t12"": 0.3051}","{""pressure_regulation"": 95.2, ""collaboration_harmony"": 89.3, ""quality_perfectionism"": 84.8, ""discipline_trust"": 79.3, ""influence_advocacy"": 65.9, ""conflict_integration"": 60.8, ""learning_growth"": 53.4, ""customer_orientation"": 48.1, ""exploration_innovation"": 36.1, ""analytical_insight"": 28.8, ""structured_execution"": 24.1, ""responsibility_accountability"": 20.2}",taiwan_2025,0.8834562064317552,"{""t1"": 0.87, ""t2"": 0.87, ""t3"": 0.87, ""t4"": 0.87, ""t5"": 0.87, ""t6"": 0.87, ""t7"": 0.87, ""t8"": 0.87, ""t9"": 0.87, ""t10"": 0.87, ""t11"": 0.87, ""t12"": 0.87}",0.0,"[""pressure_regulation"", ""collaboration_harmony"", ""quality_perfectionism"", ""discipline_trust""]","[""influence_advocacy"", ""conflict_integration"", ""learning_growth"", ""customer_orientation""]","[""exploration_innovation"", ""analytical_insight"", ""structured_execution"", ""responsibility_accountability""]",thurstonian_irt_v4,4.0.0-alpha,0.1,v4_pilot_2025,40,2025-10-03T15:59:13.235031,2025-10-03T15:59:13.235041,,,,,,,,,,,,,,,,,,,95.2,,,28.8,,,,,36.1,,,,,,,,,,,,,,,,,,53.4,,,,,,,,,,79.3,,,,,,,,,,89.3,84.8,60.8,48.1,24.1,,
v4_7714fde50dc8,94.5,91.5,86.5,80.8,65.3,59.4,,,,,,,"{""T1"": 2.18, ""T2"": 1.66, ""T3"": 1.41, ""T4"": 0.7, ""T5"": 0.1, ""T6"": 0.17, ""T7"": 0.32, ""T8"": -0.0, ""T9"": -0.25, ""T10"": -0.79, ""T11"": -0.91, ""T12"": -1.0}","{""t1"": 0.348, ""t2"": 0.4552, ""t3"": 0.3072, ""t4"": 0.4844, ""t5"": 0.4869, ""t6"": 0.3617, ""t7"": 0.4008, ""t8"": 0.3396, ""t9"": 0.4704, ""t10"": 0.3002, ""t11"": 0.4209, ""t12"": 0.4423}","{""structured_execution"": 94.5, ""quality_perfectionism"": 91.5, ""exploration_innovation"": 86.5, ""analytical_insight"": 80.8, ""influence_advocacy"": 65.3, ""collaboration_harmony"": 59.4, ""pressure_regulation"": 54.3, ""conflict_integration"": 49.7, ""responsibility_accountability"": 33.1, ""customer_orientation"": 29.9, ""learning_growth"": 24.2, ""discipline_trust"": 19.1}",taiwan_2025,0.9052535632037367,"{""t1"": 0.87, ""t2"": 0.87, ""t3"": 0.87, ""t4"": 0.87, ""t5"": 0.87, ""t6"": 0.87, ""t7"": 0.87, ""t8"": 0.87, ""t9"": 0.87, ""t10"": 0.87, ""t11"": 0.87, ""t12"": 0.87}",0.0,"[""structured_execution"", ""quality_perfectionism"", ""exploration_innovation"", ""analytical_insight""]","[""influence_advocacy"", ""collaboration_harmony"", ""pressure_regulation"", ""conflict_integration""]","[""responsibility_accountability"", ""customer_orientation"", ""learning_growth"", ""discipline_trust""]",thurstonian_irt_v4,4.0.0-alpha,0.1,v4_pilot_2025,41,2025-10-03T16:00:29.157649,2025-10-03T16:00:29.157657,,,,,,,,,,,,,54.3,49.7,33.1,29.9,24.2,19.1,,,,,,,,,,,,,,,,,,,,,,,,,,,,,,,,,,,,,,,,,,,,,,,,,,,,,
v4_370b6c6d3ec8,94.6,88.2,86.4,81.2,63.1,59.5,31.1,24.0,21.7,56.8,50.4,36.8,"{""T1"": 2.08, ""T2"": 1.33, ""T3"": 1.81, ""T4"": 0.62, ""T5"": 0.04, ""T6"": 0.46, ""T10"": 0.43, ""T11"": 0.29, ""T12"": -0.12, ""T7"": -0.15, ""T8"": -0.84, ""T9"": -0.95}","{""t1"": 0.461, ""t2"": 0.4517, ""t3"": 0.4615, ""t4"": 0.4794, ""t5"": 0.4607, ""t6"": 0.4211, ""t7"": 0.3239, ""t8"": 0.3987, ""t9"": 0.3674, ""t10"": 0.3065, ""t11"": 0.4991, ""t12"": 0.4057}","{""structured_execution"": 94.6, ""quality_perfectionism"": 88.2, ""exploration_innovation"": 86.4, ""analytical_insight"": 81.2, ""influence_advocacy"": 63.1, ""collaboration_harmony"": 59.5, ""pressure_regulation"": 56.8, ""conflict_integration"": 50.4, ""responsibility_accountability"": 36.8, ""customer_orientation"": 31.1, ""learning_growth"": 24.0, ""discipline_trust"": 21.7}",taiwan_2025,0.8876477407327269,"{""t1"": 0.87, ""t2"": 0.87, ""t3"": 0.87, ""t4"": 0.87, ""t5"": 0.87, ""t6"": 0.87, ""t7"": 0.87, ""t8"": 0.87, ""t9"": 0.87, ""t10"": 0.87, ""t11"": 0.87, ""t12"": 0.87}",0.0,"[""structured_execution"", ""quality_perfectionism"", ""exploration_innovation"", ""analytical_insight""]","[""influence_advocacy"", ""collaboration_harmony"", ""pressure_regulation"", ""conflict_integration""]","[""responsibility_accountability"", ""customer_orientation"", ""learning_growth"", ""discipline_trust""]",thurstonian_irt_v4,4.0.0-alpha,0.3,v4_pilot_2025,42,2025-10-03T16:05:13.452235,2025-10-03T16:05:13.452249,,,,,,,,,,,,,,,,,,,,,,,,,,,,,,,,,,,,,,,,,,,,,,,,,,,,,,,,,,,,,,,,,,,,,,,
v4_feda08de8341,93.8,91.0,29.1,26.7,18.5,35.4,81.2,65.1,61.6,53.6,49.7,84.8,"{""T1"": 1.55, ""T2"": 2.45, ""T12"": 1.75, ""T7"": 0.77, ""T8"": 0.42, ""T9"": 0.45, ""T10"": 0.05, ""T11"": -0.09, ""T6"": -0.33, ""T3"": -0.95, ""T4"": -0.61, ""T5"": -0.56}","{""t1"": 0.3734, ""t2"": 0.4111, ""t3"": 0.3126, ""t4"": 0.3905, ""t5"": 0.4901, ""t6"": 0.4837, ""t7"": 0.3359, ""t8"": 0.372, ""t9"": 0.481, ""t10"": 0.3523, ""t11"": 0.4514, ""t12"": 0.407}","{""structured_execution"": 93.8, ""quality_perfectionism"": 91.0, ""responsibility_accountability"": 84.8, ""customer_orientation"": 81.2, ""learning_growth"": 65.1, ""discipline_trust"": 61.6, ""pressure_regulation"": 53.6, ""conflict_integration"": 49.7, ""collaboration_harmony"": 35.4, ""exploration_innovation"": 29.1, ""analytical_insight"": 26.7, ""influence_advocacy"": 18.5}",taiwan_2025,0.9232200391441058,"{""t1"": 0.87, ""t2"": 0.87, ""t3"": 0.87, ""t4"": 0.87, ""t5"": 0.87, ""t6"": 0.87, ""t7"": 0.87, ""t8"": 0.87, ""t9"": 0.87, ""t10"": 0.87, ""t11"": 0.87, ""t12"": 0.87}",0.0,"[""structured_execution"", ""quality_perfectionism"", ""responsibility_accountability"", ""customer_orientation""]","[""learning_growth"", ""discipline_trust"", ""pressure_regulation"", ""conflict_integration""]","[""collaboration_harmony"", ""exploration_innovation"", ""analytical_insight"", ""influence_advocacy""]",thurstonian_irt_v4,4.0.0-alpha,0.4,v4_pilot_2025,43,2025-10-03T16:06:06.889337,2025-10-03T16:06:06.889363,,,,,,,,,,,,,,,,,,,,,,,,,,,,,,,,,,,,,,,,,,,,,,,,,,,,,,,,,,,,,,,,,,,,,,,
v4_750be3ac07bd,56.1,48.5,95.4,89.9,33.6,19.6,26.1,85.8,81.5,64.7,28.8,58.8,"{""T3"": 2.26, ""T4"": 1.56, ""T8"": 1.18, ""T9"": 0.74, ""T10"": 0.4, ""T12"": 0.06, ""T1"": 0.0, ""T2"": -0.36, ""T5"": -0.22, ""T11"": -0.5, ""T7"": -0.74, ""T6"": -0.92}","{""t1"": 0.3469, ""t2"": 0.3476, ""t3"": 0.3817, ""t4"": 0.3172, ""t5"": 0.4918, ""t6"": 0.3023, ""t7"": 0.3943, ""t8"": 0.4454, ""t9"": 0.3941, ""t10"": 0.3677, ""t11"": 0.44, ""t12"": 0.3505}","{""exploration_innovation"": 95.4, ""analytical_insight"": 89.9, ""learning_growth"": 85.8, ""discipline_trust"": 81.5, ""pressure_regulation"": 64.7, ""responsibility_accountability"": 58.8, ""structured_execution"": 56.1, ""quality_perfectionism"": 48.5, ""influence_advocacy"": 33.6, ""conflict_integration"": 28.8, ""customer_orientation"": 26.1, ""collaboration_harmony"": 19.6}",taiwan_2025,0.9225199881436945,"{""t1"": 0.87, ""t2"": 0.87, ""t3"": 0.87, ""t4"": 0.87, ""t5"": 0.87, ""t6"": 0.87, ""t7"": 0.87, ""t8"": 0.87, ""t9"": 0.87, ""t10"": 0.87, ""t11"": 0.87, ""t12"": 0.87}",0.0,"[""exploration_innovation"", ""analytical_insight"", ""learning_growth"", ""discipline_trust""]","[""pressure_regulation"", ""responsibility_accountability"", ""structured_execution"", ""quality_perfectionism""]","[""influence_advocacy"", ""conflict_integration"", ""customer_orientation"", ""collaboration_harmony""]",thurstonian_irt_v4,4.0.0-alpha,0.1,v4_pilot_2025,44,2025-10-03T16:06:11.129754,2025-10-03T16:06:11.129767,,,,,,,,,,,,,,,,,,,,,,,,,,,,,,,,,,,,,,,,,,,,,,,,,,,,,,,,,,,,,,,,,,,,,,,
v4_58ad1d92d898,48.6,23.6,78.8,35.6,90.0,63.3,94.7,21.3,55.5,30.7,86.8,59.3,"{""T7"": 2.39, ""T5"": 2.21, ""T11"": 1.57, ""T3"": 0.81, ""T6"": 0.08, ""T12"": 0.05, ""T9"": 0.0, ""T1"": -0.42, ""T4"": -0.2, ""T10"": -0.01, ""T2"": -0.75, ""T8"": -0.75}","{""t1"": 0.348, ""t2"": 0.4455, ""t3"": 0.4707, ""t4"": 0.4003, ""t5"": 0.3529, ""t6"": 0.4, ""t7"": 0.4048, ""t8"": 0.3919, ""t9"": 0.3308, ""t10"": 0.4718, ""t11"": 0.3544, ""t12"": 0.3292}","{""customer_orientation"": 94.7, ""influence_advocacy"": 90.0, ""conflict_integration"": 86.8, ""exploration_innovation"": 78.8, ""collaboration_harmony"": 63.3, ""responsibility_accountability"": 59.3, ""discipline_trust"": 55.5, ""structured_execution"": 48.6, ""analytical_insight"": 35.6, ""pressure_regulation"": 30.7, ""quality_perfectionism"": 23.6, ""learning_growth"": 21.3}",taiwan_2025,0.9255246447356845,"{""t1"": 0.87, ""t2"": 0.87, ""t3"": 0.87, ""t4"": 0.87, ""t5"": 0.87, ""t6"": 0.87, ""t7"": 0.87, ""t8"": 0.87, ""t9"": 0.87, ""t10"": 0.87, ""t11"": 0.87, ""t12"": 0.87}",0.0,"[""customer_orientation"", ""influence_advocacy"", ""conflict_integration"", ""exploration_innovation""]","[""collaboration_harmony"", ""responsibility_accountability"", ""discipline_trust"", ""structured_execution""]","[""analytical_insight"", ""pressure_regulation"", ""quality_perfectionism"", ""learning_growth""]",thurstonian_irt_v4,4.0.0-alpha,0.1,v4_pilot_2025,45,2025-10-03T16:06:15.398931,2025-10-03T16:06:15.398942,,,,,,,,,,,,,,,,,,,,,,,,,,,,,,,,,,,,,,,,,,,,,,,,,,,,,,,,,,,,,,,,,,,,,,,
v4_61068e55c9d3,23.9,84.5,35.2,29.2,66.3,89.2,48.6,56.4,79.2,93.3,58.9,18.0,"{""T10"": 1.18, ""T6"": 1.84, ""T2"": 1.1, ""T9"": 0.84, ""T5"": 0.28, ""T11"": 0.36, ""T8"": 0.23, ""T7"": -0.47, ""T3"": -0.08, ""T4"": -0.82, ""T1"": -0.86, ""T12"": -0.81}","{""t1"": 0.4688, ""t2"": 0.4239, ""t3"": 0.4362, ""t4"": 0.3055, ""t5"": 0.3254, ""t6"": 0.433, ""t7"": 0.4201, ""t8"": 0.426, ""t9"": 0.4465, ""t10"": 0.4987, ""t11"": 0.4894, ""t12"": 0.4757}","{""pressure_regulation"": 93.3, ""collaboration_harmony"": 89.2, ""quality_perfectionism"": 84.5, ""discipline_trust"": 79.2, ""influence_advocacy"": 66.3, ""conflict_integration"": 58.9, ""learning_growth"": 56.4, ""customer_orientation"": 48.6, ""exploration_innovation"": 35.2, ""analytical_insight"": 29.2, ""structured_execution"": 23.9, ""responsibility_accountability"": 18.0}",taiwan_2025,0.9483368042798417,"{""t1"": 0.87, ""t2"": 0.87, ""t3"": 0.87, ""t4"": 0.87, ""t5"": 0.87, ""t6"": 0.87, ""t7"": 0.87, ""t8"": 0.87, ""t9"": 0.87, ""t10"": 0.87, ""t11"": 0.87, ""t12"": 0.87}",0.0,"[""pressure_regulation"", ""collaboration_harmony"", ""quality_perfectionism"", ""discipline_trust""]","[""influence_advocacy"", ""conflict_integration"", ""learning_growth"", ""customer_orientation""]","[""exploration_innovation"", ""analytical_insight"", ""structured_execution"", ""responsibility_accountability""]",thurstonian_irt_v4,4.0.0-alpha,0.2,v4_pilot_2025,46,2025-10-03T16:06:18.038383,2025-10-03T16:06:18.038406,,,,,,,,,,,,,,,,,,,,,,,,,,,,,,,,,,,,,,,,,,,,,,,,,,,,,,,,,,,,,,,,,,,,,,,
v4_1941b1e4a136,84.6,90.6,21.8,61.7,56.5,81.0,23.5,28.1,49.5,63.3,33.6,94.8,"{""T12"": 1.32, ""T2"": 1.46, ""T1"": 2.36, ""T6"": 0.87, ""T10"": 0.08, ""T4"": 0.36, ""T5"": 0.14, ""T9"": -0.13, ""T11"": -0.44, ""T8"": -0.87, ""T7"": -0.99, ""T3"": -0.59}","{""t1"": 0.3049, ""t2"": 0.3295, ""t3"": 0.3659, ""t4"": 0.3568, ""t5"": 0.3949, ""t6"": 0.4232, ""t7"": 0.3121, ""t8"": 0.3635, ""t9"": 0.4472, ""t10"": 0.3923, ""t11"": 0.3442, ""t12"": 0.3137}","{""responsibility_accountability"": 94.8, ""quality_perfectionism"": 90.6, ""structured_execution"": 84.6, ""collaboration_harmony"": 81.0, ""pressure_regulation"": 63.3, ""analytical_insight"": 61.7, ""influence_advocacy"": 56.5, ""discipline_trust"": 49.5, ""conflict_integration"": 33.6, ""learning_growth"": 28.1, ""customer_orientation"": 23.5, ""exploration_innovation"": 21.8}",taiwan_2025,0.87740272891921,"{""t1"": 0.87, ""t2"": 0.87, ""t3"": 0.87, ""t4"": 0.87, ""t5"": 0.87, ""t6"": 0.87, ""t7"": 0.87, ""t8"": 0.87, ""t9"": 0.87, ""t10"": 0.87, ""t11"": 0.87, ""t12"": 0.87}",0.0,"[""responsibility_accountability"", ""quality_perfectionism"", ""structured_execution"", ""collaboration_harmony""]","[""pressure_regulation"", ""analytical_insight"", ""influence_advocacy"", ""discipline_trust""]","[""conflict_integration"", ""learning_growth"", ""customer_orientation"", ""exploration_innovation""]",thurstonian_irt_v4,4.0.0-alpha,0.3,v4_pilot_2025,47,2025-10-03T16:27:51.077251,2025-10-03T16:27:51.077263,,,,,,,,,,,,,,,,,,,,,,,,,,,,,,,,,,,,,,,,,,,,,,,,,,,,,,,,,,,,,,,,,,,,,,,
